self [us] ; cumulative ; imported package
     2581 ;       2581 ;   _io
      852 ;        852 ;   marshal
     5020 ;       5020 ;   posix
     8304 ;      16755 ; _frozen_importlib_external
     1399 ;       1399 ;   time
     2942 ;       4341 ; zipimport
     2178 ;       2178 ;     _codecs
     7521 ;       9698 ;   codecs
     6913 ;       6913 ;   encodings.aliases
     8443 ;      25053 ; encodings
     3791 ;       3791 ; encodings.utf_8
     1609 ;       1609 ; _signal
      833 ;        833 ;     _abc
     5006 ;       5838 ;   abc
     4438 ;      10276 ; io
      954 ;        954 ;       _stat
     3952 ;       4905 ;     stat
    15925 ;      15925 ;     _collections_abc
     2780 ;       2780 ;       genericpath
     4521 ;       7301 ;     posixpath
    13404 ;      41534 ;   os
     3684 ;       3684 ;   _sitebuiltins
     9946 ;       9946 ;   _distutils_hack
     5065 ;       5065 ;   types
     4543 ;       4543 ;       warnings
     3772 ;       8315 ;     importlib
     3245 ;       3245 ;     importlib._abc
     2218 ;       2218 ;         itertools
     3107 ;       3107 ;         keyword
    13363 ;      13363 ;           _operator
     5203 ;      18566 ;         operator
     3605 ;       3605 ;         reprlib
     1603 ;       1603 ;         _collections
    14161 ;      43258 ;       collections
     2586 ;       2586 ;         _functools
     9981 ;      12566 ;       functools
     8911 ;      64734 ;     contextlib
     6321 ;      82612 ;   importlib.util
     3385 ;       3385 ;   importlib.machinery
     2851 ;       2851 ;     apport_python_hook
     3072 ;       5922 ;   sitecustomize
     1876 ;       1876 ;   usercustomize
    28798 ;     182817 ; site
     3366 ;       3366 ;           shepherd_core.data_models.base
     1495 ;       1495 ;             _struct
     3279 ;       4774 ;           struct
     1389 ;       1389 ;             math
     2729 ;       2729 ;             _datetime
    14835 ;      18953 ;           datetime
     3940 ;       3940 ;             collections.abc
    15130 ;      15130 ;               enum
     1246 ;       1246 ;                 _sre
     7531 ;       7531 ;                   sre_constants
     6134 ;      13664 ;                 sre_parse
     6364 ;      21273 ;               sre_compile
     1323 ;       1323 ;               _locale
     3699 ;       3699 ;               copyreg
    11721 ;      53143 ;             re
    32907 ;      89989 ;           typing
     6079 ;       6079 ;             numpy._globals
     3317 ;       3317 ;             numpy.__config__
     4231 ;       4231 ;                     _json
     9782 ;      14013 ;                   json.scanner
    10774 ;      24786 ;                 json.decoder
     9236 ;       9236 ;                 json.encoder
     4414 ;      38435 ;               json
     2888 ;      41323 ;             numpy._version
     2872 ;       2872 ;             numpy._distributor_init
     3025 ;       3025 ;               numpy.version
    27237 ;      27237 ;                   textwrap
    20117 ;      20117 ;                   numpy.core._multiarray_umath
     4580 ;       4580 ;                       numpy.compat._inspect
     3894 ;       3894 ;                           fnmatch
     2485 ;       2485 ;                             _winapi
     2106 ;       2106 ;                             nt
     2235 ;       2235 ;                             nt
     1961 ;       1961 ;                             nt
     2202 ;       2202 ;                             nt
     5748 ;      16735 ;                           ntpath
     1087 ;       1087 ;                           errno
     2826 ;       2826 ;                             urllib
    28895 ;      31721 ;                           urllib.parse
    12605 ;      66039 ;                         pathlib
     2283 ;       2283 ;                         pickle5
     7622 ;       7622 ;                           _compat_pickle
     1797 ;       1797 ;                           _pickle
     2177 ;       2177 ;                               org
      502 ;       2679 ;                             org.python
      618 ;       3296 ;                           org.python.core
    15358 ;      28072 ;                         pickle
     4614 ;     101006 ;                       numpy.compat.py3k
     4413 ;     109998 ;                     numpy.compat
      531 ;     110528 ;                   numpy.compat._inspect
     7421 ;     165302 ;                 numpy.core.overrides
    45833 ;     211135 ;               numpy.core.multiarray
     3830 ;       3830 ;               numpy.core.umath
     8016 ;       8016 ;                 numbers
     4061 ;       4061 ;                 numpy.core._string_helpers
     3561 ;       3561 ;                   numpy.core._dtype
     8273 ;      11834 ;                 numpy.core._type_aliases
     8011 ;      31921 ;               numpy.core.numerictypes
     5285 ;       5285 ;                       numpy.core._exceptions
     5169 ;      10453 ;                     numpy.core._methods
    63169 ;      73622 ;                   numpy.core.fromnumeric
    14024 ;      87646 ;                 numpy.core.shape_base
     4245 ;       4245 ;                 numpy.core._ufunc_config
    14636 ;      14636 ;                 numpy.core.arrayprint
     4682 ;       4682 ;                 numpy.core._asarray
    43196 ;     154402 ;               numpy.core.numeric
    68485 ;      68485 ;               numpy.core.defchararray
     5724 ;       5724 ;               numpy.core.records
     4072 ;       4072 ;               numpy.core.memmap
     9000 ;       9000 ;               numpy.core.function_base
     3578 ;       3578 ;               numpy.core.machar
     5192 ;       5192 ;               numpy.core.getlimits
     9630 ;       9630 ;               numpy.core.einsumfunc
     3841 ;       3841 ;                 numpy.core._multiarray_tests
    29653 ;      33493 ;               numpy.core._add_newdocs
    19933 ;      19933 ;                     signal
     4614 ;       4614 ;                       _weakrefset
    10320 ;      14933 ;                     threading
     1017 ;       1017 ;                     fcntl
     2566 ;       2566 ;                     msvcrt
      783 ;        783 ;                     _posixsubprocess
     1156 ;       1156 ;                     select
     8833 ;       8833 ;                     selectors
    10559 ;      59775 ;                   subprocess
    47708 ;     107483 ;                 platform
    10883 ;     118365 ;               numpy.core._add_newdocs_scalars
     3035 ;       3035 ;               numpy.core._dtype_ctypes
     1681 ;       1681 ;                   _ast
    19100 ;      20780 ;                 ast
     6151 ;       6151 ;                   _ctypes
     4665 ;       4665 ;                   ctypes._endian
    28806 ;      39620 ;                 ctypes
    17507 ;      77907 ;               numpy.core._internal
     3513 ;       3513 ;               numpy._pytesttester
    15741 ;     762040 ;             numpy.core
     6032 ;       6032 ;               numpy.lib.mixins
     7551 ;       7551 ;                   numpy.lib.ufunclike
    18057 ;      25608 ;                 numpy.lib.type_check
    14963 ;      40571 ;               numpy.lib.scimath
     8537 ;       8537 ;                           numpy.lib.stride_tricks
    22386 ;      30922 ;                         numpy.lib.twodim_base
    11731 ;      11731 ;                         numpy.linalg.lapack_lite
     3806 ;       3806 ;                         numpy.linalg._umath_linalg
    34433 ;      80890 ;                       numpy.linalg.linalg
     3913 ;      84803 ;                     numpy.linalg
     5930 ;      90733 ;                   numpy.matrixlib.defmatrix
     4959 ;      95691 ;                 numpy.matrixlib
    11021 ;      11021 ;                   numpy.lib.histograms
    46407 ;      57428 ;                 numpy.lib.function_base
    11664 ;     164782 ;               numpy.lib.index_tricks
    24871 ;      24871 ;               numpy.lib.nanfunctions
    22393 ;      22393 ;               numpy.lib.shape_base
    21379 ;      21379 ;               numpy.lib.polynomial
    13438 ;      13438 ;               numpy.lib.utils
    16794 ;      16794 ;               numpy.lib.arraysetops
     8468 ;       8468 ;                 weakref
     4529 ;       4529 ;                 numpy.lib.format
     4590 ;       4590 ;                 numpy.lib._datasource
     6039 ;       6039 ;                 numpy.lib._iotools
    18992 ;      42617 ;               numpy.lib.npyio
     3527 ;       3527 ;               numpy.lib.arrayterator
     5630 ;       5630 ;               numpy.lib.arraypad
     6973 ;       6973 ;               numpy.lib._version
    10491 ;     379492 ;             numpy.lib
     2896 ;       2896 ;                 numpy.fft._pocketfft_internal
    24479 ;      27375 ;               numpy.fft._pocketfft
     6175 ;       6175 ;               numpy.fft.helper
     5026 ;      38575 ;             numpy.fft
     4653 ;       4653 ;                 numpy.polynomial.polyutils
     7844 ;       7844 ;                 numpy.polynomial._polybase
     7917 ;      20413 ;               numpy.polynomial.polynomial
     7090 ;       7090 ;               numpy.polynomial.chebyshev
     5979 ;       5979 ;               numpy.polynomial.legendre
     7523 ;       7523 ;               numpy.polynomial.hermite
     6539 ;       6539 ;               numpy.polynomial.hermite_e
     6013 ;       6013 ;               numpy.polynomial.laguerre
     5852 ;      59406 ;             numpy.polynomial
     3468 ;       3468 ;                       backports_abc
     9791 ;      13258 ;                     numpy.random._common
     1428 ;       1428 ;                         binascii
     5369 ;       6796 ;                       base64
    22551 ;      22551 ;                         _hashlib
     1465 ;       1465 ;                           _blake2
     5532 ;       6996 ;                         hashlib
     6022 ;      35568 ;                       hmac
      813 ;        813 ;                           _bisect
     3730 ;       4542 ;                         bisect
      840 ;        840 ;                         _random
     1097 ;       1097 ;                         _sha512
    19628 ;      26106 ;                       random
     4186 ;      72655 ;                     secrets
     8809 ;      94721 ;                   numpy.random.bit_generator
     4351 ;       4351 ;                   numpy.random._bounded_integers
     4018 ;       4018 ;                   numpy.random._mt19937
    16805 ;     119892 ;                 numpy.random.mtrand
     4335 ;       4335 ;                 numpy.random._philox
     4101 ;       4101 ;                 numpy.random._pcg64
     3838 ;       3838 ;                 numpy.random._sfc64
    10807 ;      10807 ;                 numpy.random._generator
     5510 ;     148482 ;               numpy.random._pickle
     4693 ;     153174 ;             numpy.random
    11867 ;      11867 ;             numpy.ctypeslib
     3312 ;       3312 ;                       _opcode
     5841 ;       9152 ;                     opcode
     9773 ;      18925 ;                   dis
     4819 ;       4819 ;                       token
    16711 ;      21529 ;                     tokenize
     3912 ;      25441 ;                   linecache
    28447 ;      72812 ;                 inspect
    46178 ;     118989 ;               numpy.ma.core
    20422 ;      20422 ;               numpy.ma.extras
     5569 ;     144979 ;             numpy.ma
    33753 ;    1636874 ;           numpy
     3888 ;       3888 ;             numpy.typing._nbit
    25324 ;      25324 ;             numpy.typing._char_codes
     8909 ;       8909 ;             numpy.typing._scalars
     4275 ;       4275 ;             numpy.typing._shape
    46018 ;      46018 ;             numpy.typing._dtype_like
     3717 ;       3717 ;               __future__
   100629 ;     104346 ;             numpy.typing._array_like
     5165 ;       5165 ;             numpy.typing._generic_alias
    10492 ;      10492 ;             numpy.typing._add_docstring
     9182 ;     217596 ;           numpy.typing
    11422 ;      11422 ;               pydantic_core._pydantic_core
    10739 ;      10739 ;                   _decimal
     3647 ;      14386 ;                 decimal
    29202 ;      29202 ;                 typing_extensions
   213565 ;     257152 ;               pydantic_core.core_schema
    12656 ;     281230 ;             pydantic_core
     2237 ;       2237 ;                       org
      792 ;       3028 ;                     org.python
      496 ;       3523 ;                   org.python.core
     4345 ;       7868 ;                 copy
    10651 ;      18518 ;               dataclasses
     2905 ;       2905 ;               pydantic._internal
    23761 ;      23761 ;                       ipaddress
     4583 ;      28343 ;                     pydantic._internal._validators
     3079 ;       3079 ;                     pydantic.version
     5036 ;      36457 ;                   pydantic._migration
     2912 ;       2912 ;                     pydantic.deprecated
     3676 ;       3676 ;                     pydantic.warnings
     6254 ;      12841 ;                   pydantic.deprecated.config
     6224 ;       6224 ;                   pydantic.errors
    16939 ;      72460 ;                 pydantic.config
     6056 ;      78516 ;               pydantic._internal._config
   120429 ;     120429 ;                   annotated_types
     4346 ;       4346 ;                       _uuid
     8385 ;      12730 ;                     uuid
     3780 ;       3780 ;                     pydantic._internal._annotated_handlers
     5518 ;       5518 ;                       pydantic._internal._typing_extra
     3800 ;       3800 ;                       pydantic._internal._repr
     5175 ;      14493 ;                     pydantic._internal._fields
     2936 ;       2936 ;                     pydantic._internal._internal_dataclass
     5909 ;       5909 ;                     pydantic._internal._known_annotated_metadata
     5813 ;       5813 ;                     pydantic._internal._utils
     7383 ;       7383 ;                       pydantic._internal._core_metadata
    11294 ;      11294 ;                       pydantic._internal._core_utils
     5030 ;       5030 ;                       pydantic._internal._mock_val_ser
     3826 ;       3826 ;                       pydantic._internal._schema_generation_shared
    44239 ;      71771 ;                     pydantic.json_schema
    92723 ;     210151 ;                   pydantic.types
     2981 ;       2981 ;                       _contextvars
     3417 ;       6397 ;                     contextvars
     9482 ;       9482 ;                     pydantic._internal._forward_ref
     9802 ;      25680 ;                   pydantic._internal._generics
    56598 ;     412855 ;                 pydantic.fields
    72151 ;     485006 ;               pydantic._internal._decorators
     4609 ;       4609 ;                 pydantic._internal._discriminated_union
    19805 ;      19805 ;                 pydantic._internal._generate_schema
     5698 ;      30111 ;               pydantic._internal._dataclasses
     7346 ;     622399 ;             pydantic.dataclasses
    12240 ;      12240 ;               pydantic._internal._decorators_v1
     5059 ;      17299 ;             pydantic.deprecated.class_validators
    11796 ;      11796 ;                     pydantic._internal._validate_call
     7214 ;      19009 ;                   pydantic._internal._model_construction
     3763 ;       3763 ;                   pydantic.deprecated.copy_internals
     7822 ;       7822 ;                   pydantic.deprecated.parse
    14732 ;      45325 ;                 pydantic.main
     6036 ;      51361 ;               pydantic.type_adapter
     5271 ;      56631 ;             pydantic.deprecated.tools
    32626 ;      32626 ;             pydantic.functional_serializers
    62367 ;      62367 ;             pydantic.functional_validators
    27752 ;      27752 ;             pydantic.networks
     3178 ;       3178 ;             pydantic.validate_call
     9037 ;    1112515 ;           pydantic
     3071 ;       3071 ;           shepherd_core.calibration_hw_def
     4481 ;       4481 ;               yaml.error
     5560 ;       5560 ;               yaml.tokens
     4715 ;       4715 ;               yaml.events
     3508 ;       3508 ;               yaml.nodes
    77103 ;      77103 ;                 yaml.reader
     7077 ;       7077 ;                 yaml.scanner
     4777 ;       4777 ;                 yaml.parser
     3880 ;       3880 ;                 yaml.composer
    25136 ;      25136 ;                 yaml.constructor
    51359 ;      51359 ;                 yaml.resolver
     6725 ;     176055 ;               yaml.loader
     5402 ;       5402 ;                 yaml.emitter
     4004 ;       4004 ;                 yaml.serializer
     6731 ;       6731 ;                 yaml.representer
     4902 ;      21037 ;               yaml.dumper
      944 ;        944 ;                 yaml._yaml
     3658 ;       4601 ;               yaml.cyaml
     7929 ;     227883 ;             yaml
    41359 ;      41359 ;               pydantic._internal._std_types_schema
   450117 ;     491475 ;             shepherd_core.data_models.base.wrapper
    15298 ;     734656 ;           shepherd_core.data_models.base.shepherd
   267710 ;    4089499 ;         shepherd_core.data_models.base.calibration
    90603 ;      90603 ;         shepherd_core.data_models.base.content
     2749 ;       2749 ;                   shepherd_core.commons
     5789 ;       5789 ;                         traceback
      924 ;        924 ;                           _string
    17648 ;      18571 ;                         string
      902 ;        902 ;                         atexit
    36708 ;      61969 ;                       logging
     5238 ;       5238 ;                                 colorama.ansi
     3987 ;       3987 ;                                   msvcrt
     3313 ;       3313 ;                                   colorama.win32
     4633 ;      11932 ;                                 colorama.winterm
    10207 ;      27376 ;                               colorama.ansitowin32
     4186 ;      31562 ;                             colorama.initialise
     4078 ;      35639 ;                           colorama
    15463 ;      15463 ;                             six
     4478 ;      19941 ;                           chromalog.colorizer
     3960 ;       3960 ;                               chromalog.mark.objects
     3269 ;       7228 ;                             chromalog.mark
      480 ;       7708 ;                           chromalog.mark.objects
     2759 ;       2759 ;                           chromalog.stream
     5803 ;      71848 ;                         chromalog.log
     4058 ;      75905 ;                       chromalog
     4300 ;     142173 ;                     shepherd_core.logger
     6284 ;     148457 ;                   shepherd_core.testbed_client.fixtures
     4545 ;       4545 ;                       email_validator.exceptions_types
   317306 ;     317306 ;                           email_validator.rfc_constants
     1661 ;       1661 ;                           unicodedata
     3415 ;       3415 ;                             idna.package_data
     5479 ;       5479 ;                               idna.idnadata
     4073 ;       4073 ;                               idna.intranges
    16622 ;      26172 ;                             idna.core
     5168 ;      34754 ;                           idna
     8330 ;     362050 ;                         email_validator.syntax
     5226 ;     367275 ;                       email_validator.validate_email
     4689 ;     376508 ;                     email_validator
   122760 ;     499268 ;                   shepherd_core.testbed_client.user_model
    39608 ;     690080 ;                 shepherd_core.testbed_client.client
     3111 ;     693191 ;               shepherd_core.testbed_client
   142667 ;     835857 ;             shepherd_core.data_models.content.energy_environment
     3739 ;       3739 ;                     pwnlib.version
    18285 ;      18285 ;                             pwnlib.term.keyconsts
     8797 ;       8797 ;                                       _curses
     4615 ;      13411 ;                                     curses
     3064 ;      16474 ;                                   pwnlib.term.unix_termcap
     2674 ;      19148 ;                                 pwnlib.term.termcap
     5348 ;      24496 ;                               pwnlib.term.key
     4017 ;      28512 ;                             pwnlib.term.keymap
     4424 ;       4424 ;                               termios
     1803 ;       1803 ;                                   zlib
     4240 ;       4240 ;                                     _compression
     4512 ;       4512 ;                                     _bz2
     5019 ;      13769 ;                                   bz2
     5355 ;       5355 ;                                     _lzma
     5140 ;      10494 ;                                   lzma
    10870 ;      36935 ;                                 shutil
     2665 ;       2665 ;                                   _socket
     1524 ;       1524 ;                                   array
    39865 ;      44052 ;                                 socket
     7896 ;       7896 ;                                 tempfile
     2655 ;       2655 ;                                 socks
     8290 ;      99827 ;                               pwnlib.context
     4401 ;     108651 ;                             pwnlib.term.term
     5003 ;     160450 ;                           pwnlib.term.readline
     4269 ;     164718 ;                         pwnlib.term.completer
     3483 ;     168201 ;                       pwnlib.term
     3521 ;     171721 ;                     pwnlib.args
     4421 ;     179880 ;                   pwnlib
      347 ;     180227 ;                 pwnlib.elf
     4777 ;       4777 ;                       unittest.util
     5759 ;      10535 ;                     unittest.result
     1308 ;       1308 ;                           _heapq
     4650 ;       5958 ;                         heapq
    12506 ;      18463 ;                       difflib
     6062 ;       6062 ;                       pprint
    11370 ;      35893 ;                     unittest.case
     4934 ;       4934 ;                     unittest.suite
    11416 ;      11416 ;                     unittest.loader
    21702 ;      21702 ;                         gettext
    15083 ;      36785 ;                       argparse
     3049 ;       3049 ;                         unittest.signals
     4846 ;       7894 ;                       unittest.runner
     4649 ;      49326 ;                     unittest.main
     5636 ;     117738 ;                   unittest
     3405 ;       3405 ;                         concurrent
     9161 ;       9161 ;                         concurrent.futures._base
     5285 ;      17850 ;                       concurrent.futures
    20812 ;      20812 ;                         _ssl
    75215 ;      96027 ;                       ssl
     4931 ;       4931 ;                       asyncio.constants
     4480 ;       4480 ;                           asyncio.format_helpers
     3777 ;       8256 ;                         asyncio.base_futures
     2646 ;       2646 ;                         asyncio.log
     5421 ;      16323 ;                       asyncio.coroutines
     4073 ;       4073 ;                           asyncio.exceptions
     3319 ;       3319 ;                           asyncio.base_tasks
     5982 ;      13373 ;                         _asyncio
     7208 ;      20581 ;                       asyncio.events
     4863 ;       4863 ;                       asyncio.futures
     5512 ;       5512 ;                       asyncio.protocols
     4714 ;       4714 ;                         asyncio.transports
     6484 ;      11197 ;                       asyncio.sslproto
     3004 ;       3004 ;                           asyncio.mixins
     7929 ;       7929 ;                           asyncio.tasks
     6148 ;      17080 ;                         asyncio.locks
     8242 ;      25322 ;                       asyncio.staggered
     3957 ;       3957 ;                       asyncio.trsock
    17458 ;     224015 ;                     asyncio.base_events
     3451 ;       3451 ;                     asyncio.runners
     4730 ;       4730 ;                     asyncio.queues
     7904 ;       7904 ;                     asyncio.streams
     5054 ;       5054 ;                     asyncio.subprocess
     3000 ;       3000 ;                     asyncio.threads
     4891 ;       4891 ;                       asyncio.base_subprocess
     9060 ;       9060 ;                       asyncio.selector_events
    11096 ;      25047 ;                     asyncio.unix_events
     6956 ;     280153 ;                   asyncio
    16904 ;     414794 ;                 unittest.mock
     5955 ;       5955 ;                     zstandard.backend_c
     5163 ;      11117 ;                   zstandard
     5902 ;       5902 ;                   shepherd_core.data_models.content.firmware_datatype
    28981 ;      28981 ;                   shepherd_core.fw_tools.converter_elf
     4598 ;       4598 ;                       intelhex.compat
     2885 ;       2885 ;                       intelhex.getsizeof
    11451 ;      18933 ;                     intelhex
     3946 ;       3946 ;                         elftools
     3842 ;       7787 ;                       elftools.common
     4487 ;      12274 ;                     elftools.common.exceptions
      830 ;        830 ;                                       six.moves
    37864 ;      37864 ;                                       configparser
     4485 ;      43178 ;                                     pwnlib.config
     2901 ;       2901 ;                                     pwnlib.device
     4184 ;       4184 ;                                     pwnlib.timeout
    42719 ;      92981 ;                                   pwnlib.context
     5473 ;      98454 ;                                 pwnlib.term.term
     6409 ;       6409 ;                                 pwnlib.term.text
     8519 ;     113381 ;                               pwnlib.term.readline
     4287 ;     117667 ;                             pwnlib.term.completer
     4561 ;     122228 ;                           pwnlib.term
     2865 ;       2865 ;                           pwnlib.commandline
     5595 ;     130687 ;                         pwnlib.args
     4579 ;     135266 ;                       pwnlib
     9101 ;       9101 ;                         glob
     6939 ;       6939 ;                         gzip
     3406 ;       3406 ;                         elftools.common.py3compat
     3054 ;       3054 ;                                     elftools.construct.lib.py3compat
    17865 ;      20918 ;                                   elftools.construct.lib.binary
     3623 ;       3623 ;                                   elftools.construct.lib.bitstream
     4861 ;       4861 ;                                   elftools.construct.lib.container
     5632 ;       5632 ;                                   elftools.construct.lib.hex
     4454 ;      39487 ;                                 elftools.construct.lib
      502 ;      39988 ;                               elftools.construct.lib.py3compat
    21568 ;      61556 ;                             elftools.construct.core
     9622 ;       9622 ;                             elftools.construct.adapters
     5150 ;       5150 ;                             elftools.construct.macros
     4754 ;       4754 ;                                 cmd
     5970 ;       5970 ;                                 bdb
     4003 ;       4003 ;                                   codeop
     4588 ;       8591 ;                                 code
    11766 ;      31080 ;                               pdb
     4482 ;      35561 ;                             elftools.construct.debug
     8225 ;     120112 ;                           elftools.construct
     3899 ;     124010 ;                         elftools.common.utils
     3435 ;       3435 ;                         pwnlib.atexit
    20861 ;      20861 ;                         pwnlib.elf.datatypes
     4052 ;       4052 ;                           mmap
     2984 ;       2984 ;                             elftools.elf
     5303 ;       8286 ;                           elftools.elf.constants
     9694 ;       9694 ;                             elftools.elf.enums
     8056 ;      17749 ;                           elftools.elf.descriptions
     3941 ;       3941 ;                             resource
     4253 ;       4253 ;                               elftools.common.construct_utils
     7742 ;      11995 ;                             elftools.elf.structs
     3231 ;       3231 ;                               elftools.elf.notes
     7281 ;      10511 ;                             elftools.elf.sections
     4243 ;       4243 ;                               elftools.elf.hash
     3886 ;       3886 ;                               elftools.elf.segments
     8196 ;       8196 ;                               elftools.elf.relocation
     6416 ;      22738 ;                             elftools.elf.dynamic
     4690 ;       4690 ;                             elftools.elf.gnuversions
     2931 ;       2931 ;                               elftools.dwarf
     3901 ;       3901 ;                                       _queue
     6010 ;       9910 ;                                     queue
    10657 ;      20567 ;                                   logging.handlers
    22803 ;      22803 ;                                   socketserver
    27540 ;      70909 ;                                 logging.config
     5447 ;       5447 ;                                 elftools.dwarf.enums
     6384 ;      82739 ;                               elftools.dwarf.structs
     3047 ;       3047 ;                                   elftools.dwarf.dwarf_util
     6598 ;       9644 ;                                 elftools.dwarf.die
     4061 ;      13704 ;                               elftools.dwarf.compileunit
     3679 ;       3679 ;                               elftools.dwarf.abbrevtable
     3295 ;       3295 ;                                 elftools.dwarf.constants
     6513 ;       9807 ;                               elftools.dwarf.lineprogram
   150832 ;     150832 ;                               elftools.dwarf.callframe
    10320 ;      10320 ;                               elftools.dwarf.locationlists
     7136 ;       7136 ;                               elftools.dwarf.ranges
     5838 ;       5838 ;                               elftools.dwarf.aranges
     6477 ;       6477 ;                               elftools.dwarf.namelut
    12299 ;     305757 ;                             elftools.dwarf.dwarfinfo
     2704 ;       2704 ;                               elftools.ehabi
     6215 ;       6215 ;                               elftools.ehabi.decoder
     2831 ;       2831 ;                               elftools.ehabi.constants
     3099 ;       3099 ;                               elftools.ehabi.structs
     6244 ;      21090 ;                             elftools.ehabi.ehabiinfo
    10111 ;     390829 ;                           elftools.elf.elffile
     6380 ;       6380 ;                             intervaltree.interval
     4549 ;       4549 ;                               intervaltree.node
    10677 ;      10677 ;                                 sortedcontainers.sortedlist
     6390 ;       6390 ;                                 sortedcontainers.sortedset
     6512 ;       6512 ;                                 sortedcontainers.sorteddict
     5423 ;      29000 ;                               sortedcontainers
     8423 ;      41971 ;                             intervaltree.intervaltree
     4912 ;      53263 ;                           intervaltree
     3460 ;       3460 ;                                   dateutil._version
     4205 ;       7665 ;                                 dateutil
    16270 ;      16270 ;                                     locale
     7833 ;      24103 ;                                   calendar
     3414 ;       3414 ;                                     dateutil._common
     5434 ;       8848 ;                                   dateutil.relativedelta
     4848 ;       4848 ;                                       dateutil.tz._common
     5107 ;       5107 ;                                       dateutil.tz._factories
      598 ;        598 ;                                         six.moves.winreg
     4444 ;       5042 ;                                       dateutil.tz.win
    12299 ;      27294 ;                                     dateutil.tz.tz
     4088 ;      31381 ;                                   dateutil.tz
    13813 ;      78144 ;                                 dateutil.parser._parser
     7200 ;       7200 ;                                 dateutil.parser.isoparser
     5302 ;      98308 ;                               dateutil.parser
     3349 ;       3349 ;                                     pwnlib.exception
     2995 ;       2995 ;                                     pwnlib.term.spinners
    11827 ;      18171 ;                                   pwnlib.log
     3735 ;       3735 ;                                       pwnlib.tubes.buffer
     3278 ;       3278 ;                                       pwnlib.util
     6949 ;       6949 ;                                                 multiprocessing.process
     5718 ;       5718 ;                                                 multiprocessing.reduction
     9062 ;      21728 ;                                               multiprocessing.context
     5005 ;      26733 ;                                             multiprocessing
     5648 ;      32380 ;                                           pwnlib.util.iters
     3381 ;       3381 ;                                           pwnlib.util.lists
    10022 ;      10022 ;                                           pwnlib.util.packing
     4616 ;       4616 ;                                           pwnlib.util.cyclic
    10925 ;      61322 ;                                         pwnlib.util.fiddling
     5832 ;      67154 ;                                       pwnlib.util.misc
    10966 ;      85132 ;                                     pwnlib.tubes.tube
     4686 ;      89817 ;                                   pwnlib.tubes.sock
     5383 ;     113370 ;                                 pwnlib.tubes.listen
     4017 ;       4017 ;                                     tty
     4255 ;       8271 ;                                   pty
     5771 ;       5771 ;                                   pwnlib.qemu
     4161 ;       4161 ;                                   pwnlib.util.hashes
     7435 ;      25637 ;                                 pwnlib.tubes.process
    31610 ;      31610 ;                                 pwnlib.tubes.remote
     7382 ;       7382 ;                                     serial.serialutil
     8385 ;       8385 ;                                     serial.serialposix
     4920 ;      20687 ;                                   serial
     4333 ;      25019 ;                                 pwnlib.tubes.serialtube
      964 ;        964 ;                                   six.moves.queue
     4420 ;       5383 ;                                 pwnlib.tubes.server
     1186 ;       1186 ;                                     pwd
      852 ;        852 ;                                     grp
    16570 ;      18607 ;                                   tarfile
     3397 ;       3397 ;                                   pwnlib.util.safeeval
     3924 ;       3924 ;                                   pwnlib.util.sh_string
    11770 ;      37696 ;                                 pwnlib.tubes.ssh
     6061 ;     244775 ;                               pwnlib.tubes
     2962 ;       2962 ;                                 pwnlib.protocols
    44320 ;      44320 ;                                     psutil._common
     4444 ;       4444 ;                                     psutil._compat
    13075 ;      13075 ;                                       psutil._psposix
     3096 ;       3096 ;                                       psutil._psutil_linux
     2850 ;       2850 ;                                       psutil._psutil_posix
    58728 ;      77748 ;                                     psutil._pslinux
    16560 ;     143070 ;                                   psutil
     5398 ;       5398 ;                                     ctypes.util
     6596 ;      11993 ;                                   pwnlib.util.net
     5154 ;     160217 ;                                 pwnlib.util.proc
    12191 ;     175369 ;                               pwnlib.protocols.adb
    15000 ;     533450 ;                             pwnlib.adb.adb
     2989 ;       2989 ;                             pwnlib.adb.protocol
     4547 ;       4547 ;                             pwnlib.adb.bootimg
     4814 ;       4814 ;                             pwnlib.adb.bootloader
     4447 ;     550244 ;                           pwnlib.adb
     4028 ;       4028 ;                                 pwnlib.constants.constant
     5285 ;       9312 ;                               pwnlib.constants
     4441 ;       4441 ;                               pwnlib.shellcraft.internal
    15475 ;      15475 ;                               pwnlib.shellcraft.registers
     7505 ;      36732 ;                             pwnlib.shellcraft
     6245 ;      42977 ;                           pwnlib.asm
    10945 ;      10945 ;                           pwnlib.elf.config
     3045 ;       3045 ;                           pwnlib.elf.maps
     3741 ;       3741 ;                           pwnlib.elf.plt
    14202 ;    1099329 ;                         pwnlib.elf.elf
    11482 ;    1278560 ;                       pwnlib.elf.corefile
     4286 ;    1418111 ;                     pwnlib.elf
    26426 ;    1475743 ;                   shepherd_core.fw_tools.validation
   100985 ;    1622726 ;                 shepherd_core.fw_tools.converter
    58926 ;      58926 ;                 shepherd_core.fw_tools.patcher
    89118 ;    2365789 ;               shepherd_core.fw_tools
    91656 ;      91656 ;                   shepherd_core.data_models.testbed.cape
   132479 ;     132479 ;                   shepherd_core.data_models.testbed.gpio
   101168 ;     101168 ;                   shepherd_core.data_models.testbed.mcu
   133691 ;     133691 ;                     shepherd_core.data_models.testbed.target
   184507 ;     318198 ;                   shepherd_core.data_models.testbed.observer
   174604 ;     174604 ;                   shepherd_core.data_models.testbed.testbed
     5500 ;     823602 ;                 shepherd_core.data_models.testbed
      469 ;     824071 ;               shepherd_core.data_models.testbed.mcu
   156529 ;    3346388 ;             shepherd_core.data_models.content.firmware
   290219 ;     290219 ;             shepherd_core.data_models.content.virtual_harvester
   580218 ;     580218 ;             shepherd_core.data_models.content.virtual_source
     4743 ;    5057424 ;           shepherd_core.data_models.content
      546 ;    5057969 ;         shepherd_core.data_models.content.energy_environment
   290413 ;     290413 ;               shepherd_core.data_models.experiment.observer_features
   366919 ;     366919 ;               shepherd_core.data_models.experiment.target_config
   346300 ;    1003630 ;             shepherd_core.data_models.experiment.experiment
     3725 ;    1007355 ;           shepherd_core.data_models.experiment
      707 ;    1008062 ;         shepherd_core.data_models.experiment.experiment
     5635 ;   10251767 ;       shepherd_core.data_models
      393 ;   10252159 ;     shepherd_core.data_models.base
      517 ;   10252676 ;   shepherd_core.data_models.base.calibration
   624532 ;     624532 ;     shepherd_core.data_models.task.emulation
   450015 ;     450015 ;     shepherd_core.data_models.task.firmware_mod
   143599 ;     143599 ;     shepherd_core.data_models.task.harvest
   399120 ;     399120 ;       shepherd_core.data_models.task.programming
   597121 ;     996241 ;     shepherd_core.data_models.task.observer_tasks
   570542 ;     570542 ;     shepherd_core.data_models.task.testbed_tasks
     7415 ;    2792340 ;   shepherd_core.data_models.task
    61119 ;      61119 ;     shepherd_core.inventory.python
    50301 ;      50301 ;     shepherd_core.inventory.system
    26979 ;      26979 ;     shepherd_core.inventory.target
   143741 ;     282138 ;   shepherd_core.inventory
    61937 ;      61937 ;         h5py._debian_h5py_serial._errors
    13761 ;      13761 ;             h5py._debian_h5py_serial.defs
     1089 ;       1089 ;               gc
     7835 ;       8923 ;             h5py._debian_h5py_serial._objects
     3206 ;       3206 ;             h5py._debian_h5py_serial.h5py_warnings
     5622 ;      31509 ;           h5py._debian_h5py_serial.h5
     6283 ;      37791 ;         h5py._debian_h5py_serial.version
     4744 ;       4744 ;           h5py._debian_h5py_serial.h5r
     3607 ;       3607 ;                 h5py._debian_h5py_serial.utils
     7784 ;      11390 ;               h5py._debian_h5py_serial.h5s
     4810 ;       4810 ;               h5py._debian_h5py_serial.h5ac
    19985 ;      36184 ;             h5py._debian_h5py_serial.h5p
    23636 ;      59820 ;           h5py._debian_h5py_serial.h5t
     8671 ;      73234 ;         h5py._debian_h5py_serial._conv
     7108 ;       7108 ;         h5py._debian_h5py_serial.h5z
     3971 ;       3971 ;           h5py._debian_h5py_serial._proxy
     7482 ;      11452 ;         h5py._debian_h5py_serial.h5a
     9416 ;       9416 ;         h5py._debian_h5py_serial.h5d
     5273 ;       5273 ;         h5py._debian_h5py_serial.h5ds
     7032 ;       7032 ;           h5py._debian_h5py_serial.h5g
     4555 ;       4555 ;           h5py._debian_h5py_serial.h5i
    15428 ;      27014 ;         h5py._debian_h5py_serial.h5f
     6842 ;       6842 ;         h5py._debian_h5py_serial.h5fd
     3722 ;       3722 ;         h5py._debian_h5py_serial.h5pl
     3024 ;       3024 ;         h5py._debian_h5py_serial._hl
     2789 ;       2789 ;           h5py._debian_h5py_serial._hl.compat
     6864 ;       9652 ;         h5py._debian_h5py_serial._hl.filters
     9112 ;       9112 ;         h5py._debian_h5py_serial._hl.base
     7947 ;       7947 ;             h5py._debian_h5py_serial.h5o
     5706 ;       5706 ;             h5py._debian_h5py_serial.h5l
     2861 ;       2861 ;                 backports_abc
     8184 ;      11044 ;               h5py._debian_h5py_serial._selector
     4686 ;       4686 ;               h5py._debian_h5py_serial._hl.selections
     4943 ;       4943 ;               h5py._debian_h5py_serial._hl.selections2
     3592 ;       3592 ;               h5py._debian_h5py_serial._hl.datatype
     6314 ;       6314 ;               h5py._debian_h5py_serial._hl.vds
    11528 ;      42104 ;             h5py._debian_h5py_serial._hl.dataset
     9509 ;      65265 ;           h5py._debian_h5py_serial._hl.group
     6847 ;      72112 ;         h5py._debian_h5py_serial._hl.files
     4908 ;       4908 ;         h5py._debian_h5py_serial._hl.attrs
    14246 ;     356835 ;       h5py._debian_h5py_serial
    10762 ;     367597 ;     h5py
     4998 ;       4998 ;       tqdm._monitor
     2933 ;       2933 ;       tqdm._tqdm_pandas
     7841 ;       7841 ;           tqdm.utils
    10893 ;      18734 ;         tqdm.std
     2816 ;       2816 ;           tqdm._dist_ver
     3132 ;       5948 ;         tqdm.version
    27197 ;      51877 ;       tqdm.cli
     3810 ;       3810 ;       tqdm.gui
     5447 ;      69064 ;     tqdm
    34148 ;     470807 ;   shepherd_core.reader
    93007 ;      93007 ;   shepherd_core.writer
     6965 ;   13897930 ; shepherd_core
