RefDes;IC-Art#;Value;PartDecal;PartDecal_Descr;Orient.;X;Y;Seite;Class;PinCnt;DISTRIB_NAME;DISTRIB#;DISTRIB_NPPU;;
U37;;MP3221;SOT95P280X100-6N;TSOT23-6. Body 2.90x2.80mm. Pitch 0.95mm;360;52.8;11.7;Oben;SMD;6;Mouser;946-MP3221GJ-Z;1.33;
U36;;LP2989;TSOP65P490X110-8N;VSSOP-N8. Body 3.00x3.00mm. Pitch 0.65mm;360;51.1;19.9;Oben;SMD;8;Mouser;926-LP2989AIMM50NOPB;2.05;
U35;;ADS8691;TSOP65P640X120-16N;TSSOP-16. Body 5.00x4.40mm. Pitch 0.65mm;360;39.9;40.9;Oben;SMD;16;Mouser;595-ADS8691IPWR;8.5;
U34;;OPA2388;TSOP65P490X110-8N;VSSOP-N8. Body 3.00x3.00mm. Pitch 0.65mm;180;30.1;40;Oben;SMD;8;Mouser;595-OPA2388IDGKR;2.63;
U33;;CAT24C256;PSON50P300X55_HS-9N;UDFN8. Body 2.00x3.00mm. Pitch 0.50mm. Thermal Pad 1.40x1.30mm;360;32.7;21.9;Oben;SMD;9;Mouser;863-CAT24C256HU4IGT3;0.36;
U32;;DAC8562;PSON50P300X80_HS-11N;S-PWSON-N10. Body 3.00x3.00mm. Pitch 0.50mm. Thermal Pad 2.55x1.10mm;360;39.4;35.3;Oben;SMD;11;Mouser;595-DAC8562SDSCR;6.73;
U28;;TPL5010;SOT95P280X100-6N;TSOT23-6. Body 2.90x2.80mm. Pitch 0.95mm;270;24;22.3;Oben;SMD;6;Mouser;595-TPL5010DDCR;0.62;
U27;;OPA388;SOT95P280X145-5N;SOT23-N5. Body 2.90x2.80mm. Pitch 0.95mm;360;31.1;35.3;Oben;SMD;5;Mouser;595-OPA388IDBVR;1.80;
U26;;ADS8691;TSOP65P640X120-16N;TSSOP-16. Body 5.00x4.40mm. Pitch 0.65mm;360;39.1;30.6;Oben;SMD;16;Mouser;595-ADS8691IPWR;8.5;
U25;;AD8421B;TSOP65P490X110-8N;VSSOP-N8. Body 3.00x3.00mm. Pitch 0.65mm;90;29.9;30.5;Oben;SMD;8;Mouser;584-AD8421BRMZ;8.10;
U24;;AD8421B;TSOP65P490X110-8N;VSSOP-N8. Body 3.00x3.00mm. Pitch 0.65mm;270;62.6;35.3;Oben;SMD;8;Mouser;584-AD8421BRMZ;8.10;
U16;;NLAS4684;PSON50P300X100_HS-11N;DFN-10. Body 3.00x3.00mm. Pitch 0.50mm. Thermal Pad 2.50x1.62mm;0;25.1;11.5;Oben;SMD;11;Mouser;863-NLAS4684MNR2G;0.63;
U15;;LT3487;PSON50P300X100_HS-11N;DFN-10. Body 3.00x3.00mm. Pitch 0.50mm. Thermal Pad 2.50x1.62mm;360;35.7;14.9;Oben;SMD;11;Mouser;584-LT3487EDD#TRPBF;2.72;
U14;;TC7WH08FK;TSSOP50P310X80-8N;SOT765. US8. 8-Leads. Body 2.00x2.30mm. Pitch 0.50mm;0;72.6;37.5;Oben;SMD;8;Mouser;757-TC7WH08FKLJCT;0.24;
U13;;NLAS4684;PSON50P300X100_HS-11N;DFN-10. Body 3.00x3.00mm. Pitch 0.50mm. Thermal Pad 2.50x1.62mm;360;74.3;29.5;Oben;SMD;11;Mouser;863-NLAS4684MNR2G;0.63;
U12;;NLAS4684;PSON50P300X100_HS-11N;DFN-10. Body 3.00x3.00mm. Pitch 0.50mm. Thermal Pad 2.50x1.62mm;360;74.3;10.7;Oben;SMD;11;Mouser;863-NLAS4684MNR2G;0.63;
U11;;NLAS4684;PSON50P300X100_HS-11N;DFN-10. Body 3.00x3.00mm. Pitch 0.50mm. Thermal Pad 2.50x1.62mm;360;74.3;18.2;Oben;SMD;11;Mouser;863-NLAS4684MNR2G;0.63;
U10;;NLAS4684;PSON50P300X100_HS-11N;DFN-10. Body 3.00x3.00mm. Pitch 0.50mm. Thermal Pad 2.50x1.62mm;360;74.3;14.5;Oben;SMD;11;Mouser;863-NLAS4684MNR2G;0.63;
U9;;HCT2G04;SOT65P210X110-6N;SOT363-N6. Body 2.00x2.10mm. Pitch 0.65mm;360;73;33.9;Oben;SMD;6;Mouser;771-HC2G04GW125;0.21;
U8;;LSF0108;QFN50P250X450X100_HS-21N;DHVQFN20. Body 2.50x4.50mm. Pitch 0.50mm. Thermal Pad 1.00x2.98mm;0;62.9;10.4;Oben;SMD;21;Mouser;771-LSF0108BQX;0.59;
U7;;NLAS4684;PSON50P300X100_HS-11N;DFN-10. Body 3.00x3.00mm. Pitch 0.50mm. Thermal Pad 2.50x1.62mm;360;74.3;21.9;Oben;SMD;11;Mouser;863-NLAS4684MNR2G;0.63;
U6;;NLAS4684;PSON50P300X100_HS-11N;DFN-10. Body 3.00x3.00mm. Pitch 0.50mm. Thermal Pad 2.50x1.62mm;180;73.3;42.7;Oben;SMD;11;Mouser;863-NLAS4684MNR2G;0.63;
U5;;NLAS4684;PSON50P300X100_HS-11N;DFN-10. Body 3.00x3.00mm. Pitch 0.50mm. Thermal Pad 2.50x1.62mm;360;74.3;25.7;Oben;SMD;11;Mouser;863-NLAS4684MNR2G;0.63;
U4;;LSF0108;QFN50P250X450X100_HS-21N;DHVQFN20. Body 2.50x4.50mm. Pitch 0.50mm. Thermal Pad 1.00x2.98mm;360;62.8;19;Oben;SMD;21;Mouser;771-LSF0108BQX;0.59;
U3;;ADS8691;TSOP65P640X120-16N;TSSOP-16. Body 5.00x4.40mm. Pitch 0.65mm;180;54.6;30;Oben;SMD;16;Mouser;595-ADS8691IPWR;8.5;
U2;;OPA2388;TSOP65P490X110-8N;VSSOP-N8. Body 3.00x3.00mm. Pitch 0.65mm;180;56;40.4;Oben;SMD;8;Mouser;595-OPA2388IDGKR;2.63;
U1;;DAC8562;PSON50P300X80_HS-11N;S-PWSON-N10. Body 3.00x3.00mm. Pitch 0.50mm. Thermal Pad 2.55x1.10mm;270;49.9;39.8;Oben;SMD;11;Mouser;595-DAC8562SDSCR;6.73;
T4;;BSH105;SOT95P230X110-3N;SOT23. 3-Leads. Body 2.90x2.30mm. Pitch 0.95mm;270;20.4;14.1;Oben;SMD;3;Mouser;771-BSH105215;0.21;
T3;;BSH105;SOT95P230X110-3N;SOT23. 3-Leads. Body 2.90x2.30mm. Pitch 0.95mm;270;23.5;18.7;Oben;SMD;3;Mouser;771-BSH105215;0.21;
T2;;BSH105;SOT95P230X110-3N;SOT23. 3-Leads. Body 2.90x2.30mm. Pitch 0.95mm;270;19.2;17.8;Oben;SMD;3;Mouser;771-BSH105215;0.21;
T1;;BSH105;SOT95P230X110-3N;SOT23. 3-Leads. Body 2.90x2.30mm. Pitch 0.95mm;90;23.6;26.5;Oben;SMD;3;Mouser;771-BSH105215;0.21;
R116;;R_0402_470R;RESC1005X04;Chip Resistor. 2-Leads. Body 1.02x0.53mm;360;50.7;17.6;Oben;SMD;2;Mouser;667-ERJ-2GEJ471X;0.02;
R115;;R_0402_33R;RESC1005X04;Chip Resistor. 2-Leads. Body 1.02x0.53mm;90;74.3;7.4;Oben;SMD;2;Mouser;667-ERJ-2GEJ330X;0.02;
R114;;R_0402_33R;RESC1005X04;Chip Resistor. 2-Leads. Body 1.02x0.53mm;90;73.2;7.4;Oben;SMD;2;Mouser;667-ERJ-2GEJ330X;0.02;
R113;;R_0402_33R;RESC1005X04;Chip Resistor. 2-Leads. Body 1.02x0.53mm;90;55.2;7.4;Oben;SMD;2;Mouser;667-ERJ-2GEJ330X;0.02;
R112;;R_0402_33R;RESC1005X04;Chip Resistor. 2-Leads. Body 1.02x0.53mm;90;54.1;7.4;Oben;SMD;2;Mouser;667-ERJ-2GEJ330X;0.02;
R111;;R_0402_33R;RESC1005X04;Chip Resistor. 2-Leads. Body 1.02x0.53mm;90;53;7.4;Oben;SMD;2;Mouser;667-ERJ-2GEJ330X;0.02;
R110;;R_0402_1k;RESC1005X04;Chip Resistor. 2-Leads. Body 1.02x0.53mm;90;50.2;7.4;Oben;SMD;2;Mouser;667-ERJ-2GEJ102X;0.02;
R109;;R_0402_1k;RESC1005X04;Chip Resistor. 2-Leads. Body 1.02x0.53mm;270;53.6;47.3;Oben;SMD;2;Mouser;667-ERJ-2GEJ102X;0.02;
R108;;R_0402_1k;RESC1005X04;Chip Resistor. 2-Leads. Body 1.02x0.53mm;90;48.8;7.4;Oben;SMD;2;Mouser;667-ERJ-2GEJ102X;0.02;
R107;;R_0402_1k;RESC1005X04;Chip Resistor. 2-Leads. Body 1.02x0.53mm;90;40.7;7.5;Oben;SMD;2;Mouser;667-ERJ-2GEJ102X;0.02;
R106;;R_0402_1k;RESC1005X04;Chip Resistor. 2-Leads. Body 1.02x0.53mm;270;39.3;7.5;Oben;SMD;2;Mouser;667-ERJ-2GEJ102X;0.02;
R105;;R_0402_1k;RESC1005X04;Chip Resistor. 2-Leads. Body 1.02x0.53mm;270;40;47.2;Oben;SMD;2;Mouser;667-ERJ-2GEJ102X;0.02;
R104;;R_0402_1k;RESC1005X04;Chip Resistor. 2-Leads. Body 1.02x0.53mm;90;41.3;47.2;Oben;SMD;2;Mouser;667-ERJ-2GEJ102X;0.02;
R103;;R_0402_1k;RESC1005X04;Chip Resistor. 2-Leads. Body 1.02x0.53mm;270;36.4;47.2;Oben;SMD;2;Mouser;667-ERJ-2GEJ102X;0.02;
R102;;R_0402_1k;RESC1005X04;Chip Resistor. 2-Leads. Body 1.02x0.53mm;90;37.7;47.2;Oben;SMD;2;Mouser;667-ERJ-2GEJ102X;0.02;
R101;;R_0402_1k;RESC1005X04;Chip Resistor. 2-Leads. Body 1.02x0.53mm;270;74.4;47.2;Oben;SMD;2;Mouser;667-ERJ-2GEJ102X;0.02;
R100;;R_0402_1k;RESC1005X04;Chip Resistor. 2-Leads. Body 1.02x0.53mm;90;75.5;47.2;Oben;SMD;2;Mouser;667-ERJ-2GEJ102X;0.02;
R99;;R_0402_1k;RESC1005X04;Chip Resistor. 2-Leads. Body 1.02x0.53mm;270;72;47.2;Oben;SMD;2;Mouser;667-ERJ-2GEJ102X;0.02;
R98;;R_0402_1k;RESC1005X04;Chip Resistor. 2-Leads. Body 1.02x0.53mm;90;73.1;47.2;Oben;SMD;2;Mouser;667-ERJ-2GEJ102X;0.02;
R97;;R_0402_1k;RESC1005X04;Chip Resistor. 2-Leads. Body 1.02x0.53mm;270;69.6;47.2;Oben;SMD;2;Mouser;667-ERJ-2GEJ102X;0.02;
R96;;R_0402_1k;RESC1005X04;Chip Resistor. 2-Leads. Body 1.02x0.53mm;90;70.7;47.2;Oben;SMD;2;Mouser;667-ERJ-2GEJ102X;0.02;
R95;;R_0402_1k;RESC1005X04;Chip Resistor. 2-Leads. Body 1.02x0.53mm;270;67.2;47.2;Oben;SMD;2;Mouser;667-ERJ-2GEJ102X;0.02;
R94;;R_0402_1k;RESC1005X04;Chip Resistor. 2-Leads. Body 1.02x0.53mm;90;68.3;47.2;Oben;SMD;2;Mouser;667-ERJ-2GEJ102X;0.02;
R93;;R_0402_1k;RESC1005X04;Chip Resistor. 2-Leads. Body 1.02x0.53mm;90;54.7;47.3;Oben;SMD;2;Mouser;667-ERJ-2GEJ102X;0.02;
R92;;R_0402_33R;RESC1005X04;Chip Resistor. 2-Leads. Body 1.02x0.53mm;270;57;47.3;Oben;SMD;2;Mouser;667-ERJ-2GEJ330X;0.02;
R91;;R_0402_100k_1%;RESC1005X04;Chip Resistor. 2-Leads. Body 1.02x0.53mm;360;68.3;16.7;Oben;SMD;2;Mouser;667-ERJ-2RKF1003X;0.02;
R90;;R_0402_1k;RESC1005X04;Chip Resistor. 2-Leads. Body 1.02x0.53mm;360;65.9;16.7;Oben;SMD;2;Mouser;667-ERJ-2GEJ102X;0.02;
R89;;R_0402_100k_1%;RESC1005X04;Chip Resistor. 2-Leads. Body 1.02x0.53mm;90;52.5;47.3;Oben;SMD;2;Mouser;667-ERJ-2RKF1003X;0.02;
R88;;R_0402_33R;RESC1005X04;Chip Resistor. 2-Leads. Body 1.02x0.53mm;270;57.4;7.4;Oben;SMD;2;Mouser;667-ERJ-2GEJ330X;0.02;
R87;;R_0402_33R;RESC1005X04;Chip Resistor. 2-Leads. Body 1.02x0.53mm;90;56.3;7.4;Oben;SMD;2;Mouser;667-ERJ-2GEJ330X;0.02;
R86;;R_0402_470R;RESC1005X04;Chip Resistor. 2-Leads. Body 1.02x0.53mm;90;40.6;16.2;Oben;SMD;2;Mouser;667-ERJ-2GEJ471X;0.02;
R85;;R_0402_1k;RESC1005X04;Chip Resistor. 2-Leads. Body 1.02x0.53mm;360;50.9;42.8;Oben;SMD;2;Mouser;667-ERJ-2GEJ102X;0.02;
R84;;R_0402_1k;RESC1005X04;Chip Resistor. 2-Leads. Body 1.02x0.53mm;270;52.5;42;Oben;SMD;2;Mouser;667-ERJ-2GEJ102X;0.02;
R83;;R_0402_100k_1%;RESC1005X04;Chip Resistor. 2-Leads. Body 1.02x0.53mm;180;39.1;16.7;Oben;SMD;2;Mouser;667-ERJ-2RKF1003X;0.02;
R82;;R_0402_240k_1%;RESC1005X04;Chip Resistor. 2-Leads. Body 1.02x0.53mm;360;39.1;15.7;Oben;SMD;2;Mouser;667-ERJ-2RKF2403X;0.02;
R81;;R_0402_240k_1%;RESC1005X04;Chip Resistor. 2-Leads. Body 1.02x0.53mm;270;40.9;13.7;Oben;SMD;2;Mouser;667-ERJ-2RKF2403X;0.02;
R80;;R_0603_100R_0.1%;RESC1608X06N;0603 Resistor. 2-Leads. Body 1.60x0.85mm;180;30;27;Oben;SMD;2;Mouser;667-ERA-3AEB101V;0.25;
R79;;R_0402_1k;RESC1005X04;Chip Resistor. 2-Leads. Body 1.02x0.53mm;270;69.7;36.5;Oben;SMD;2;Mouser;667-ERJ-2GEJ102X;0.02;
R78;;R_0402_1k;RESC1005X04;Chip Resistor. 2-Leads. Body 1.02x0.53mm;360;76.3;37.3;Oben;SMD;2;Mouser;667-ERJ-2GEJ102X;0.02;
R77;;R_0402_100k_1%;RESC1005X04;Chip Resistor. 2-Leads. Body 1.02x0.53mm;360;68.4;12.1;Oben;SMD;2;Mouser;667-ERJ-2RKF1003X;0.02;
R76;;R_0402_1k;RESC1005X04;Chip Resistor. 2-Leads. Body 1.02x0.53mm;360;66;12.1;Oben;SMD;2;Mouser;667-ERJ-2GEJ102X;0.02;
R75;;R_0402_100k_1%;RESC1005X04;Chip Resistor. 2-Leads. Body 1.02x0.53mm;360;68.4;8.1;Oben;SMD;2;Mouser;667-ERJ-2RKF1003X;0.02;
R74;;R_0402_1k;RESC1005X04;Chip Resistor. 2-Leads. Body 1.02x0.53mm;360;66;8.1;Oben;SMD;2;Mouser;667-ERJ-2GEJ102X;0.02;
R73;;R_0402_100k_1%;RESC1005X04;Chip Resistor. 2-Leads. Body 1.02x0.53mm;360;68.4;9.1;Oben;SMD;2;Mouser;667-ERJ-2RKF1003X;0.02;
R72;;R_0402_1k;RESC1005X04;Chip Resistor. 2-Leads. Body 1.02x0.53mm;360;66;9.1;Oben;SMD;2;Mouser;667-ERJ-2GEJ102X;0.02;
R71;;R_0402_100k_1%;RESC1005X04;Chip Resistor. 2-Leads. Body 1.02x0.53mm;360;68.4;10.1;Oben;SMD;2;Mouser;667-ERJ-2RKF1003X;0.02;
R70;;R_0402_1k;RESC1005X04;Chip Resistor. 2-Leads. Body 1.02x0.53mm;360;66;10.1;Oben;SMD;2;Mouser;667-ERJ-2GEJ102X;0.02;
R69;;R_0402_100k_1%;RESC1005X04;Chip Resistor. 2-Leads. Body 1.02x0.53mm;360;68.4;11.1;Oben;SMD;2;Mouser;667-ERJ-2RKF1003X;0.02;
R68;;R_0402_1k;RESC1005X04;Chip Resistor. 2-Leads. Body 1.02x0.53mm;360;66;11.1;Oben;SMD;2;Mouser;667-ERJ-2GEJ102X;0.02;
R67;;R_0402_100k_1%;RESC1005X04;Chip Resistor. 2-Leads. Body 1.02x0.53mm;360;68.3;17.7;Oben;SMD;2;Mouser;667-ERJ-2RKF1003X;0.02;
R66;;R_0402_1k;RESC1005X04;Chip Resistor. 2-Leads. Body 1.02x0.53mm;360;65.9;17.7;Oben;SMD;2;Mouser;667-ERJ-2GEJ102X;0.02;
R65;;R_0402_100k_1%;RESC1005X04;Chip Resistor. 2-Leads. Body 1.02x0.53mm;360;68.3;18.7;Oben;SMD;2;Mouser;667-ERJ-2RKF1003X;0.02;
R64;;R_0402_1k;RESC1005X04;Chip Resistor. 2-Leads. Body 1.02x0.53mm;360;65.9;18.7;Oben;SMD;2;Mouser;667-ERJ-2GEJ102X;0.02;
R63;;R_0402_100k_1%;RESC1005X04;Chip Resistor. 2-Leads. Body 1.02x0.53mm;360;68.3;19.7;Oben;SMD;2;Mouser;667-ERJ-2RKF1003X;0.02;
R62;;R_0402_1k;RESC1005X04;Chip Resistor. 2-Leads. Body 1.02x0.53mm;360;65.9;19.7;Oben;SMD;2;Mouser;667-ERJ-2GEJ102X;0.02;
R61;;R_0402_100k_1%;RESC1005X04;Chip Resistor. 2-Leads. Body 1.02x0.53mm;360;68.3;20.7;Oben;SMD;2;Mouser;667-ERJ-2RKF1003X;0.02;
R60;;R_0402_1k;RESC1005X04;Chip Resistor. 2-Leads. Body 1.02x0.53mm;360;65.9;20.7;Oben;SMD;2;Mouser;667-ERJ-2GEJ102X;0.02;
R59;;R_0402_100k_1%;RESC1005X04;Chip Resistor. 2-Leads. Body 1.02x0.53mm;90;55.9;47.3;Oben;SMD;2;Mouser;667-ERJ-2RKF1003X;0.02;
R58;;R_0402_100k_1%;RESC1005X04;Chip Resistor. 2-Leads. Body 1.02x0.53mm;270;41.8;7.5;Oben;SMD;2;Mouser;667-ERJ-2RKF1003X;0.02;
R57;;R_0402_100k_1%;RESC1005X04;Chip Resistor. 2-Leads. Body 1.02x0.53mm;270;38.2;7.5;Oben;SMD;2;Mouser;667-ERJ-2RKF1003X;0.02;
R56;;R_0402_100k_1%;RESC1005X04;Chip Resistor. 2-Leads. Body 1.02x0.53mm;270;51.3;7.4;Oben;SMD;2;Mouser;667-ERJ-2RKF1003X;0.02;
R55;;R_0402_100k_1%;RESC1005X04;Chip Resistor. 2-Leads. Body 1.02x0.53mm;270;47.7;7.4;Oben;SMD;2;Mouser;667-ERJ-2RKF1003X;0.02;
R54;;R_0402_100k_1%;RESC1005X04;Chip Resistor. 2-Leads. Body 1.02x0.53mm;90;38.7;47.2;Oben;SMD;2;Mouser;667-ERJ-2RKF1003X;0.02;
R53;;R_0402_100k_1%;RESC1005X04;Chip Resistor. 2-Leads. Body 1.02x0.53mm;90;35.4;47.2;Oben;SMD;2;Mouser;667-ERJ-2RKF1003X;0.02;
R52;;R_0402_100k_1%;RESC1005X04;Chip Resistor. 2-Leads. Body 1.02x0.53mm;90;42.3;47.2;Oben;SMD;2;Mouser;667-ERJ-2RKF1003X;0.02;
R51;;R_0402_10k;RESC1005X04;Chip Resistor. 2-Leads. Body 1.02x0.53mm;90;18.6;7.4;Oben;SMD;2;Mouser;667-ERJ-2GEJ103X;0.02;
R50;;R_0402_10k;RESC1005X04;Chip Resistor. 2-Leads. Body 1.02x0.53mm;270;21.3;19.3;Oben;SMD;2;Mouser;667-ERJ-2GEJ103X;0.02;
R49;;R_0402_470R;RESC1005X04;Chip Resistor. 2-Leads. Body 1.02x0.53mm;90;18.2;15.4;Oben;SMD;2;Mouser;667-ERJ-2GEJ471X;0.02;
R48;;R_0402_10k;RESC1005X04;Chip Resistor. 2-Leads. Body 1.02x0.53mm;90;18.2;13.4;Oben;SMD;2;Mouser;667-ERJ-2GEJ103X;0.02;
R47;;R_0402_1k;RESC1005X04;Chip Resistor. 2-Leads. Body 1.02x0.53mm;270;34.1;47.2;Oben;SMD;2;Mouser;667-ERJ-2GEJ102X;0.02;
R46;;R_0603_100R_0.1%;RESC1608X06N;0603 Resistor. 2-Leads. Body 1.60x0.85mm;270;60.2;36.1;Oben;SMD;2;Mouser;667-ERA-3AEB101V;0.25;
R45;;R_0402_10k;RESC1005X04-SEL;Resistor Switch. 3-Leads. Body 1.02x0.53mm;180;53.9;23.1;Oben;SMD;2;Mouser;667-ERJ-2GEJ103X;0.02;
R44;;R_0402_100k_1%;RESC1005X04;Chip Resistor. 2-Leads. Body 1.02x0.53mm;90;22;21.2;Oben;SMD;2;Mouser;667-ERJ-2RKF1003X;0.02;
R43;;R_0402_750k_1%;RESC1005X04;Chip Resistor. 2-Leads. Body 1.02x0.53mm;90;50.3;12.8;Oben;SMD;2;Mouser;667-ERJ-2RKF7503X;0.02;
R42;;R_0402_24k;RESC1005X04;Chip Resistor. 2-Leads. Body 1.02x0.53mm;270;22;23.3;Oben;SMD;2;Mouser;667-ERJ-2GEJ243X;0.02;
R41;;R_0402_100k_1%;RESC1005X04;Chip Resistor. 2-Leads. Body 1.02x0.53mm;90;50.3;10.8;Oben;SMD;2;Mouser;667-ERJ-2RKF1003X;0.02;
R40;;R_0402_10k;RESC1005X04;Chip Resistor. 2-Leads. Body 1.02x0.53mm;90;25.7;19.3;Oben;SMD;2;Mouser;667-ERJ-2GEJ103X;0.02;
R39;;R_0402_33R;RESC1005X04;Chip Resistor. 2-Leads. Body 1.02x0.53mm;90;58.5;7.4;Oben;SMD;2;Mouser;667-ERJ-2GEJ330X;0.02;
R38;;R_0402_1k;RESC1005X04;Chip Resistor. 2-Leads. Body 1.02x0.53mm;180;36.1;36.6;Oben;SMD;2;Mouser;667-ERJ-2GEJ102X;0.02;
R37;;R_0402_10R;RESC1005X04;Chip Resistor. 2-Leads. Body 1.02x0.53mm;180;30.4;43.1;Oben;SMD;2;Mouser;667-ERJ-2GEJ100X;0.02;
R36;;R_0402_10k;RESC1005X04;Chip Resistor. 2-Leads. Body 1.02x0.53mm;270;44;39.3;Oben;SMD;2;Mouser;667-ERJ-2GEJ103X;0.02;
R35;;R_0402_10k;RESC1005X04;Chip Resistor. 2-Leads. Body 1.02x0.53mm;90;28.9;42.6;Oben;SMD;2;Mouser;667-ERJ-2GEJ103X;0.02;
R34;;R_0402_10k;RESC1005X04;Chip Resistor. 2-Leads. Body 1.02x0.53mm;270;34.5;38.8;Oben;SMD;2;Mouser;667-ERJ-2GEJ103X;0.02;
R33;;R_0402_1k;RESC1005X04;Chip Resistor. 2-Leads. Body 1.02x0.53mm;90;59.3;47.3;Oben;SMD;2;Mouser;667-ERJ-2GEJ102X;0.02;
R32;;R_0402_1k;RESC1005X04;Chip Resistor. 2-Leads. Body 1.02x0.53mm;90;31.8;47.2;Oben;SMD;2;Mouser;667-ERJ-2GEJ102X;0.02;
R31;;R_0402_1k;RESC1005X04;Chip Resistor. 2-Leads. Body 1.02x0.53mm;90;58.2;47.3;Oben;SMD;2;Mouser;667-ERJ-2GEJ102X;0.02;
R30;;R_0402_1k;RESC1005X04;Chip Resistor. 2-Leads. Body 1.02x0.53mm;90;30.8;47.2;Oben;SMD;2;Mouser;667-ERJ-2GEJ102X;0.02;
R29;;R_0402_10k;RESC1005X04-SEL;Resistor Switch. 3-Leads. Body 1.02x0.53mm;90;27.7;21.7;Oben;SMD;2;Mouser;667-ERJ-2GEJ103X;0.02;
R28;;R_0402_10k;RESC1005X04;Chip Resistor. 2-Leads. Body 1.02x0.53mm;270;35.3;21.4;Oben;SMD;2;Mouser;667-ERJ-2GEJ103X;0.02;
R27;;R_0402_10k;RESC1005X04;Chip Resistor. 2-Leads. Body 1.02x0.53mm;90;43.2;7.5;Oben;SMD;2;Mouser;667-ERJ-2GEJ103X;0.02;
R26;;R_0402_10k;RESC1005X04;Chip Resistor. 2-Leads. Body 1.02x0.53mm;90;44.3;7.5;Oben;SMD;2;Mouser;667-ERJ-2GEJ103X;0.02;
R25;;R_0402_100k_1%;RESC1005X04;Chip Resistor. 2-Leads. Body 1.02x0.53mm;90;33.1;47.2;Oben;SMD;2;Mouser;667-ERJ-2RKF1003X;0.02;
R24;;R_0402_10k;RESC1005X04-SEL;Resistor Switch. 3-Leads. Body 1.02x0.53mm;90;28.8;21.7;Oben;SMD;2;Mouser;667-ERJ-2GEJ103X;0.02;
R23;;R_0402_10k;RESC1005X04-SEL;Resistor Switch. 3-Leads. Body 1.02x0.53mm;270;29.9;22.7;Oben;SMD;2;Mouser;667-ERJ-2GEJ103X;0.02;
R22;;R_0402_10k;RESC1005X04;Chip Resistor. 2-Leads. Body 1.02x0.53mm;180;36.1;34.3;Oben;SMD;2;Mouser;667-ERJ-2GEJ103X;0.02;
R21;;R_0402_10k;RESC1005X04;Chip Resistor. 2-Leads. Body 1.02x0.53mm;360;42.7;33.9;Oben;SMD;2;Mouser;667-ERJ-2GEJ103X;0.02;
R20;;R_0402_24k;RESC1005X04;Chip Resistor. 2-Leads. Body 1.02x0.53mm;180;36.1;35.3;Oben;SMD;2;Mouser;667-ERJ-2GEJ243X;0.02;
R19;;R_0402_10k;RESC1005X04;Chip Resistor. 2-Leads. Body 1.02x0.53mm;360;43.7;29.6;Oben;SMD;2;Mouser;667-ERJ-2GEJ103X;0.02;
R18;;R_0402_10k;RESC1005X04;Chip Resistor. 2-Leads. Body 1.02x0.53mm;360;49.9;31;Oben;SMD;2;Mouser;667-ERJ-2GEJ103X;0.02;
R17;;R_0402_10k;RESC1005X04;Chip Resistor. 2-Leads. Body 1.02x0.53mm;270;48.5;36.6;Oben;SMD;2;Mouser;667-ERJ-2GEJ103X;0.02;
R16;;R_0402_470R;RESC1005X04;Chip Resistor. 2-Leads. Body 1.02x0.53mm;180;39.1;27;Oben;SMD;2;Mouser;667-ERJ-2GEJ471X;0.02;
R15;;R_0402_10k;RESC1005X04;Chip Resistor. 2-Leads. Body 1.02x0.53mm;180;28.3;36.9;Oben;SMD;2;Mouser;667-ERJ-2GEJ103X;0.02;
R14;;R_0402_1M;RESC1005X04;Chip Resistor. 2-Leads. Body 1.02x0.53mm;180;28.3;35.9;Oben;SMD;2;Mouser;667-ERJ-2GEJ105X;0.02;
R13;;R_1206_1R_0.1%;RESC3116X06_Shunt;1206 Chip Resistor. 4-Leads. Body 3.10x1.60mm;270;23.6;30.4;Oben;SMD;2;Mouser;603-RT1206BRD071RL;0.32;
R12;;R_0402_10k;RESC1005X04;Chip Resistor. 2-Leads. Body 1.02x0.53mm;180;28.3;33.9;Oben;SMD;2;Mouser;667-ERJ-2GEJ103X;0.02;
R11;;R_0402_10k;RESC1005X04;Chip Resistor. 2-Leads. Body 1.02x0.53mm;360;42.7;27;Oben;SMD;2;Mouser;667-ERJ-2GEJ103X;0.02;
R10;;R_0402_1k;RESC1005X04;Chip Resistor. 2-Leads. Body 1.02x0.53mm;180;75.6;34.1;Oben;SMD;2;Mouser;667-ERJ-2GEJ102X;0.02;
R9;;R_0402_100k_1%;RESC1005X04;Chip Resistor. 2-Leads. Body 1.02x0.53mm;270;64.4;14.2;Oben;SMD;2;Mouser;667-ERJ-2RKF1003X;0.02;
R8;;R_0402_1k;RESC1005X04;Chip Resistor. 2-Leads. Body 1.02x0.53mm;180;75.6;35.1;Oben;SMD;2;Mouser;667-ERJ-2GEJ102X;0.02;
R7;;R_0402_100k_1%;RESC1005X04;Chip Resistor. 2-Leads. Body 1.02x0.53mm;270;64.4;22.9;Oben;SMD;2;Mouser;667-ERJ-2RKF1003X;0.02;
R6;;R_0402_10k;RESC1005X04;Chip Resistor. 2-Leads. Body 1.02x0.53mm;90;48.4;31.8;Oben;SMD;2;Mouser;667-ERJ-2GEJ103X;0.02;
R5;;R_1206_1R_0.1%;RESC3116X06_Shunt;1206 Chip Resistor. 4-Leads. Body 3.10x1.60mm;0;62.5;39.5;Oben;SMD;2;Mouser;603-RT1206BRD071RL;0.32;
R4;;R_0402_10k;RESC1005X04;Chip Resistor. 2-Leads. Body 1.02x0.53mm;180;62.9;41.3;Oben;SMD;2;Mouser;667-ERJ-2GEJ103X;0.02;
R3;;R_0402_10k;RESC1005X04;Chip Resistor. 2-Leads. Body 1.02x0.53mm;180;48.8;42.8;Oben;SMD;2;Mouser;667-ERJ-2GEJ103X;0.02;
R2;;R_0402_10R;RESC1005X04;Chip Resistor. 2-Leads. Body 1.02x0.53mm;270;55.1;37.6;Oben;SMD;2;Mouser;667-ERJ-2GEJ100X;0.02;
R1;;R_0402_10k;RESC1005X04;Chip Resistor. 2-Leads. Body 1.02x0.53mm;90;56.1;37.6;Oben;SMD;2;Mouser;667-ERJ-2GEJ103X;0.02;
P3;;JST_S4B_ZR-SM4A;P_JST_S4B-ZR-SM4A;;180;14.45;14.25;Oben;SMD;6;Digikey;455-1695-1-ND;0.51;
L11;;FB_0603_Z600R_1300mA;INDC1608X08;Chip Inductor. 2-Leads. Body 1.60x0.80mm;360;38.6;18.1;Oben;SMD;2;Mouser;81-BLM18KG601SN1D;0.05;
L10;;NR3015T150M;INDP3030X15N;Precision Wire Wound Inductor. 2-Leads. Body 3.00x3.00mm. IPC Medium Density;360;36.5;11.4;Oben;SMD;2;Mouser;963-NR3015T150M;0.23;
L9;;FB_0603_Z600R_1300mA;INDC1608X08;Chip Inductor. 2-Leads. Body 1.60x0.80mm;360;42;9.9;Oben;SMD;2;Mouser;81-BLM18KG601SN1D;0.05;
L8;;NR3015T150M;INDP3030X15N;Precision Wire Wound Inductor. 2-Leads. Body 3.00x3.00mm. IPC Medium Density;270;30.3;12.2;Oben;SMD;2;Mouser;963-NR3015T150M;0.23;
L7;;NR3015T150M;INDP3030X15N;Precision Wire Wound Inductor. 2-Leads. Body 3.00x3.00mm. IPC Medium Density;180;53;15.2;Oben;SMD;2;Mouser;963-NR3015T150M;0.23;
L6;;NR3015T150M;INDP3030X15N;Precision Wire Wound Inductor. 2-Leads. Body 3.00x3.00mm. IPC Medium Density;90;30.3;16.5;Oben;SMD;2;Mouser;963-NR3015T150M;0.23;
L5;;FB_0603_Z600R_1300mA;INDC1608X08;Chip Inductor. 2-Leads. Body 1.60x0.80mm;90;18.8;10.7;Oben;SMD;2;Mouser;81-BLM18KG601SN1D;0.05;
L4;;FB_0603_Z600R_1300mA;INDC1608X08;Chip Inductor. 2-Leads. Body 1.60x0.80mm;90;19.8;7.9;Oben;SMD;2;Mouser;81-BLM18KG601SN1D;0.05;
L3;;FB_0603_Z600R_1300mA;INDC1608X08;Chip Inductor. 2-Leads. Body 1.60x0.80mm;90;28.6;7.9;Oben;SMD;2;Mouser;81-BLM18KG601SN1D;0.05;
L2;;FB_0603_Z600R_1300mA;INDC1608X08;Chip Inductor. 2-Leads. Body 1.60x0.80mm;270;25.6;7.9;Oben;SMD;2;Mouser;81-BLM18KG601SN1D;0.05;
L1;;FB_0603_Z600R_1300mA;INDC1608X08;Chip Inductor. 2-Leads. Body 1.60x0.80mm;90;22.6;7.9;Oben;SMD;2;Mouser;81-BLM18KG601SN1D;0.05;
D17;;D_SOD523_370mV_500mA;SODFL160X70-2N;SOD-523 SC-79. 2-Leads. Body 0.80x1.60mm;180;27.6;19.9;Oben;SMD;2;Mouser;863-NSR05T30XV2T5G;0.18;
D16;;D_SOD523_370mV_500mA;SODFL160X70-2N;SOD-523 SC-79. 2-Leads. Body 0.80x1.60mm;270;21.5;10.9;Oben;SMD;2;Mouser;863-NSR05T30XV2T5G;0.18;
D15;;D_LED_0603_Green;DIOM1608X02N_Green;Molded Diode. 2-Leads. Body 1.60x0.80mm;360;48.4;17.5;Oben;SMD;2;Mouser;710-150060VS55040;0.14;
D14;;D_SOD523_370mV_500mA;SODFL160X70-2N;SOD-523 SC-79. 2-Leads. Body 0.80x1.60mm;270;22.8;14.5;Oben;SMD;2;Mouser;863-NSR05T30XV2T5G;0.18;
D13;;D_SOD523_370mV_500mA;SODFL160X70-2N;SOD-523 SC-79. 2-Leads. Body 0.80x1.60mm;360;56;10.7;Oben;SMD;2;Mouser;863-NSR05T30XV2T5G;0.18;
D12;;D_SOD523_370mV_500mA;SODFL160X70-2N;SOD-523 SC-79. 2-Leads. Body 0.80x1.60mm;90;50.2;15.1;Oben;SMD;2;Mouser;863-NSR05T30XV2T5G;0.18;
D11;;D_LED_0603_Green;DIOM1608X02N_Green;Molded Diode. 2-Leads. Body 1.60x0.80mm;0;65;47;Oben;SMD;2;Mouser;710-150060VS55040;0.14;
D10;;D_LED_0603_Green;DIOM1608X02N_Green;Molded Diode. 2-Leads. Body 1.60x0.80mm;360;49.7;47;Oben;SMD;2;Mouser;710-150060VS55040;0.14;
D9;;D_LED_0603_Amber;DIOM1608X02N_Orange;Molded Diode. 2-Leads. Body 1.60x0.80mm;360;61.9;47;Oben;SMD;2;Mouser;710-150060AS75000;0.12;
D8;;D_LED_0603_Amber;DIOM1608X02N_Orange;Molded Diode. 2-Leads. Body 1.60x0.80mm;360;46.6;47;Oben;SMD;2;Mouser;710-150060AS75000;0.12;
D7;;D_LED_0603_Amber;DIOM1608X02N_Orange;Molded Diode. 2-Leads. Body 1.60x0.80mm;360;14.9;46.7;Oben;SMD;2;Mouser;710-150060AS75000;0.12;
D6;;D_SOD523_370mV_500mA;SODFL160X70-2N;SOD-523 SC-79. 2-Leads. Body 0.80x1.60mm;180;24.7;16.4;Oben;SMD;2;Mouser;863-NSR05T30XV2T5G;0.18;
D5;;D_SOD123W_710mV_1A;SODFL350X110-2N;SOD123W. Body 1.70x3.50mm;270;23.1;35.6;Oben;SMD;2;Mouser;771-PMEG10010ELRX;0.24;
D4;;D_LED_0603_Amber;DIOM1608X02N_Orange;Molded Diode. 2-Leads. Body 1.60x0.80mm;360;78.1;8.7;Oben;SMD;2;Mouser;710-150060AS75000;0.12;
D3;;D_LED_0603_Amber;DIOM1608X02N_Orange;Molded Diode. 2-Leads. Body 1.60x0.80mm;360;77.4;45.6;Oben;SMD;2;Mouser;710-150060AS75000;0.12;
D2;;D_LED_0603_Green;DIOM1608X02N_Green;Molded Diode. 2-Leads. Body 1.60x0.80mm;360;79.3;2.3;Oben;SMD;2;Mouser;710-150060VS55040;0.14;
D1;;D_LED_0603_Green;DIOM1608X02N_Green;Molded Diode. 2-Leads. Body 1.60x0.80mm;360;79.3;52.3;Oben;SMD;2;Mouser;710-150060VS55040;0.14;
C124;;C_0402_100nF_16V;CAPC1005X06;0402 Capacitor. 2-Leads. Body 1.05x0.53mm;90;26.2;22.3;Oben;SMD;2;Mouser;963-EMF105B7104MVHF;0.03;
C123;;C_1206_100uF_6V3;CAPC3216X18;Chip Capacitor. Body 3.20x1.60mm;270;56;21.5;Oben;SMD;2;Mouser;963-JMK316ABJ107ML-T;0.25;
C122;;C_0402_1uF_25V;CAPC1005X06;0402 Capacitor. 2-Leads. Body 1.05x0.53mm;270;49.1;15.2;Oben;SMD;2;Mouser;81-GRM155R61E105KA2J;0.06;
C121;;C_1206_47uF_10V;CAPC3216X18;Chip Capacitor. Body 3.20x1.60mm;90;48.6;12;Oben;SMD;2;Mouser;963-LMK316ABJ476ML-T;0.23;
C120;;C_0603_10uF_16V;CAPC1608X09;0603 Capacitor. 2-Leads. Body 1.65x0.83mm;180;41.5;18.1;Oben;SMD;2;Mouser;963-EMK107BBJ106MA-T;0.14;
C111;;C_0603_10uF_16V;CAPC1608X09;0603 Capacitor. 2-Leads. Body 1.65x0.83mm;180;63.3;27.7;Oben;SMD;2;Mouser;963-EMK107BBJ106MA-T;0.14;
C110;;C_0402_10nF_25V;CAPC1005X06;0402 Capacitor. 2-Leads. Body 1.05x0.53mm;270;47.8;21.2;Oben;SMD;2;Mouser;81-GCM155R71E103KA7D;0.02;
C109;;C_0603_10uF_16V;CAPC1608X09;0603 Capacitor. 2-Leads. Body 1.65x0.83mm;270;55.8;15;Oben;SMD;2;Mouser;963-EMK107BBJ106MA-T;0.14;
C108;;C_0402_100nF_16V;CAPC1005X06;0402 Capacitor. 2-Leads. Body 1.05x0.53mm;180;55.7;11.8;Oben;SMD;2;Mouser;963-EMF105B7104MVHF;0.03;
C107;;C_0603_10uF_16V;CAPC1608X09;0603 Capacitor. 2-Leads. Body 1.65x0.83mm;180;55.5;18.6;Oben;SMD;2;Mouser;963-EMK107BBJ106MA-T;0.14;
C106;;C_0603_10uF_16V;CAPC1608X09;0603 Capacitor. 2-Leads. Body 1.65x0.83mm;270;46.7;19.6;Oben;SMD;2;Mouser;963-EMK107BBJ106MA-T;0.14;
C105;;C_0402_100nF_16V;CAPC1005X06;0402 Capacitor. 2-Leads. Body 1.05x0.53mm;270;54.4;20.2;Oben;SMD;2;Mouser;963-EMF105B7104MVHF;0.03;
C104;;C_0402_100nF_16V;CAPC1005X06;0402 Capacitor. 2-Leads. Body 1.05x0.53mm;270;47.8;19.2;Oben;SMD;2;Mouser;963-EMF105B7104MVHF;0.03;
C103;;C_0402_1uF_25V;CAPC1005X06;0402 Capacitor. 2-Leads. Body 1.05x0.53mm;90;27.8;30.4;Oben;SMD;2;Mouser;81-GRM155R61E105KA2J;0.06;
C102;;C_0402_100nF_16V;CAPC1005X06;0402 Capacitor. 2-Leads. Body 1.05x0.53mm;270;27.8;32.4;Oben;SMD;2;Mouser;963-EMF105B7104MVHF;0.03;
C101;;C_0402_1uF_25V;CAPC1005X06;0402 Capacitor. 2-Leads. Body 1.05x0.53mm;360;33.3;42.9;Oben;SMD;2;Mouser;81-GRM155R61E105KA2J;0.06;
C100;;C_0402_100nF_16V;CAPC1005X06;0402 Capacitor. 2-Leads. Body 1.05x0.53mm;360;35.3;42.9;Oben;SMD;2;Mouser;963-EMF105B7104MVHF;0.03;
C99;;C_0402_1uF_25V;CAPC1005X06;0402 Capacitor. 2-Leads. Body 1.05x0.53mm;90;43.4;47.2;Oben;SMD;2;Mouser;81-GRM155R61E105KA2J;0.06;
C98;;C_0402_100nF_16V;CAPC1005X06;0402 Capacitor. 2-Leads. Body 1.05x0.53mm;90;44;42.6;Oben;SMD;2;Mouser;963-EMF105B7104MVHF;0.03;
C97;;C_0402_1uF_25V;CAPC1005X06;0402 Capacitor. 2-Leads. Body 1.05x0.53mm;180;30.3;37.9;Oben;SMD;2;Mouser;81-GRM155R61E105KA2J;0.06;
C96;;C_0402_100nF_16V;CAPC1005X06;0402 Capacitor. 2-Leads. Body 1.05x0.53mm;360;28.3;37.9;Oben;SMD;2;Mouser;963-EMF105B7104MVHF;0.03;
C95;;C_0603_10uF_16V;CAPC1608X09;0603 Capacitor. 2-Leads. Body 1.65x0.83mm;360;34.9;41.7;Oben;SMD;2;Mouser;963-EMK107BBJ106MA-T;0.14;
C94;;C_0603_10uF_16V;CAPC1608X09;0603 Capacitor. 2-Leads. Body 1.65x0.83mm;360;34.9;40.4;Oben;SMD;2;Mouser;963-EMK107BBJ106MA-T;0.14;
C93;;C_0402_1uF_25V;CAPC1005X06;0402 Capacitor. 2-Leads. Body 1.05x0.53mm;90;35.8;38.8;Oben;SMD;2;Mouser;81-GRM155R61E105KA2J;0.06;
C92;;C_0402_100nF_16V;CAPC1005X06;0402 Capacitor. 2-Leads. Body 1.05x0.53mm;270;27.9;42.6;Oben;SMD;2;Mouser;963-EMF105B7104MVHF;0.03;
C91;;C_0402_1nF_50V;CAPC1005X06;0402 Capacitor. 2-Leads. Body 1.05x0.53mm;180;30.4;42.1;Oben;SMD;2;Mouser;81-GRM1555C1H102JA1D;0.02;
C90;;C_0402_1nF_50V;CAPC1005X06;0402 Capacitor. 2-Leads. Body 1.05x0.53mm;270;33.5;38.8;Oben;SMD;2;Mouser;81-GRM1555C1H102JA1D;0.02;
C89;;C_0402_1uF_25V;CAPC1005X06;0402 Capacitor. 2-Leads. Body 1.05x0.53mm;360;63.7;30.9;Oben;SMD;2;Mouser;81-GRM155R61E105KA2J;0.06;
C88;;C_0402_100nF_16V;CAPC1005X06;0402 Capacitor. 2-Leads. Body 1.05x0.53mm;360;63.7;31.9;Oben;SMD;2;Mouser;963-EMF105B7104MVHF;0.03;
C87;;C_0402_100nF_16V;CAPC1005X06;0402 Capacitor. 2-Leads. Body 1.05x0.53mm;270;35.3;23.3;Oben;SMD;2;Mouser;963-EMF105B7104MVHF;0.03;
C86;;C_0603_10uF_16V;CAPC1608X09;0603 Capacitor. 2-Leads. Body 1.65x0.83mm;270;20.2;10.7;Oben;SMD;2;Mouser;963-EMK107BBJ106MA-T;0.14;
C85;;C_0402_1uF_25V;CAPC1005X06;0402 Capacitor. 2-Leads. Body 1.05x0.53mm;90;78.9;10.3;Oben;SMD;2;Mouser;81-GRM155R61E105KA2J;0.06;
C84;;C_0402_1uF_25V;CAPC1005X06;0402 Capacitor. 2-Leads. Body 1.05x0.53mm;180;33.9;35.6;Oben;SMD;2;Mouser;81-GRM155R61E105KA2J;0.06;
C83;;C_0402_100nF_16V;CAPC1005X06;0402 Capacitor. 2-Leads. Body 1.05x0.53mm;180;33.9;36.6;Oben;SMD;2;Mouser;963-EMF105B7104MVHF;0.03;
C82;;C_0402_1uF_25V;CAPC1005X06;0402 Capacitor. 2-Leads. Body 1.05x0.53mm;270;44.3;35.1;Oben;SMD;2;Mouser;81-GRM155R61E105KA2J;0.06;
C81;;C_0402_100nF_16V;CAPC1005X06;0402 Capacitor. 2-Leads. Body 1.05x0.53mm;180;42.9;35.6;Oben;SMD;2;Mouser;963-EMF105B7104MVHF;0.03;
C80;;C_0402_1uF_25V;CAPC1005X06;0402 Capacitor. 2-Leads. Body 1.05x0.53mm;180;42.9;37.6;Oben;SMD;2;Mouser;81-GRM155R61E105KA2J;0.06;
C79;;C_0402_100nF_16V;CAPC1005X06;0402 Capacitor. 2-Leads. Body 1.05x0.53mm;180;42.9;36.6;Oben;SMD;2;Mouser;963-EMF105B7104MVHF;0.03;
C78;;C_0402_1nF_50V;CAPC1005X06;0402 Capacitor. 2-Leads. Body 1.05x0.53mm;180;33.9;34.3;Oben;SMD;2;Mouser;81-GRM1555C1H102JA1D;0.02;
C77;;C_0402_100nF_16V;CAPC1005X06;0402 Capacitor. 2-Leads. Body 1.05x0.53mm;180;61.9;14.7;Oben;SMD;2;Mouser;963-EMF105B7104MVHF;0.03;
C76;;C_0402_100nF_16V;CAPC1005X06;0402 Capacitor. 2-Leads. Body 1.05x0.53mm;180;61.9;23.4;Oben;SMD;2;Mouser;963-EMF105B7104MVHF;0.03;
C75;;C_0402_1uF_25V;CAPC1005X06;0402 Capacitor. 2-Leads. Body 1.05x0.53mm;90;79.1;24;Oben;SMD;2;Mouser;81-GRM155R61E105KA2J;0.06;
C74;;C_0402_1uF_25V;CAPC1005X06;0402 Capacitor. 2-Leads. Body 1.05x0.53mm;90;79.2;43.9;Oben;SMD;2;Mouser;81-GRM155R61E105KA2J;0.06;
C73;;C_0402_1uF_25V;CAPC1005X06;0402 Capacitor. 2-Leads. Body 1.05x0.53mm;360;34.5;33.3;Oben;SMD;2;Mouser;81-GRM155R61E105KA2J;0.06;
C72;;C_0402_100nF_16V;CAPC1005X06;0402 Capacitor. 2-Leads. Body 1.05x0.53mm;360;34.5;32.3;Oben;SMD;2;Mouser;963-EMF105B7104MVHF;0.03;
C71;;C_0402_1uF_25V;CAPC1005X06;0402 Capacitor. 2-Leads. Body 1.05x0.53mm;180;43.7;31.9;Oben;SMD;2;Mouser;81-GRM155R61E105KA2J;0.06;
C70;;C_0402_100nF_16V;CAPC1005X06;0402 Capacitor. 2-Leads. Body 1.05x0.53mm;180;43.7;32.9;Oben;SMD;2;Mouser;963-EMF105B7104MVHF;0.03;
C69;;C_0402_1uF_25V;CAPC1005X06;0402 Capacitor. 2-Leads. Body 1.05x0.53mm;90;32;30.4;Oben;SMD;2;Mouser;81-GRM155R61E105KA2J;0.06;
C68;;C_0402_100nF_16V;CAPC1005X06;0402 Capacitor. 2-Leads. Body 1.05x0.53mm;270;32;32.4;Oben;SMD;2;Mouser;963-EMF105B7104MVHF;0.03;
C67;;C_0603_10uF_16V;CAPC1608X09;0603 Capacitor. 2-Leads. Body 1.65x0.83mm;360;34.1;30.9;Oben;SMD;2;Mouser;963-EMK107BBJ106MA-T;0.14;
C66;;C_0603_10uF_16V;CAPC1608X09;0603 Capacitor. 2-Leads. Body 1.65x0.83mm;360;34.1;28.4;Oben;SMD;2;Mouser;963-EMK107BBJ106MA-T;0.14;
C65;;C_0402_1uF_25V;CAPC1005X06;0402 Capacitor. 2-Leads. Body 1.05x0.53mm;360;34.5;29.6;Oben;SMD;2;Mouser;81-GRM155R61E105KA2J;0.06;
C64;;C_0402_10nF_25V;CAPC1005X06;0402 Capacitor. 2-Leads. Body 1.05x0.53mm;180;28.3;34.9;Oben;SMD;2;Mouser;81-GCM155R71E103KA7D;0.02;
C63;;C_0402_1uF_25V;CAPC1005X06;0402 Capacitor. 2-Leads. Body 1.05x0.53mm;180;61.8;30.9;Oben;SMD;2;Mouser;81-GRM155R61E105KA2J;0.06;
C62;;C_0402_100nF_16V;CAPC1005X06;0402 Capacitor. 2-Leads. Body 1.05x0.53mm;180;61.8;31.9;Oben;SMD;2;Mouser;963-EMF105B7104MVHF;0.03;
C61;;C_0603_10uF_16V;CAPC1608X09;0603 Capacitor. 2-Leads. Body 1.65x0.83mm;270;52.9;34.2;Oben;SMD;2;Mouser;963-EMK107BBJ106MA-T;0.14;
C60;;C_0603_10uF_16V;CAPC1608X09;0603 Capacitor. 2-Leads. Body 1.65x0.83mm;180;27;46.3;Oben;SMD;2;Mouser;963-EMK107BBJ106MA-T;0.14;
C59;;C_1206_100uF_6V3;CAPC3216X18;Chip Capacitor. Body 3.20x1.60mm;270;58;15.6;Oben;SMD;2;Mouser;963-JMK316ABJ107ML-T;0.25;
C58;;C_1206_100uF_6V3;CAPC3216X18;Chip Capacitor. Body 3.20x1.60mm;270;27.6;16.8;Oben;SMD;2;Mouser;963-JMK316ABJ107ML-T;0.25;
C57;;C_1206_100uF_6V3;CAPC3216X18;Chip Capacitor. Body 3.20x1.60mm;180;39.8;22.8;Oben;SMD;2;Mouser;963-JMK316ABJ107ML-T;0.25;
C56;;C_1206_47uF_10V;CAPC3216X18;Chip Capacitor. Body 3.20x1.60mm;180;43.4;16.2;Oben;SMD;2;Mouser;963-LMK316ABJ476ML-T;0.23;
C55;;C_0402_100nF_16V;CAPC1005X06;0402 Capacitor. 2-Leads. Body 1.05x0.53mm;180;76.3;38.3;Oben;SMD;2;Mouser;963-EMF105B7104MVHF;0.03;
C54;;C_0402_100nF_16V;CAPC1005X06;0402 Capacitor. 2-Leads. Body 1.05x0.53mm;90;65.4;14.2;Oben;SMD;2;Mouser;963-EMF105B7104MVHF;0.03;
C53;;C_0402_100nF_16V;CAPC1005X06;0402 Capacitor. 2-Leads. Body 1.05x0.53mm;90;65.4;22.9;Oben;SMD;2;Mouser;963-EMF105B7104MVHF;0.03;
C52;;C_0402_1uF_25V;CAPC1005X06;0402 Capacitor. 2-Leads. Body 1.05x0.53mm;270;79.1;29.2;Oben;SMD;2;Mouser;81-GRM155R61E105KA2J;0.06;
C51;;C_0603_10uF_16V;CAPC1608X09;0603 Capacitor. 2-Leads. Body 1.65x0.83mm;180;44.9;9.9;Oben;SMD;2;Mouser;963-EMK107BBJ106MA-T;0.14;
C50;;C_1206_47uF_10V;CAPC3216X18;Chip Capacitor. Body 3.20x1.60mm;270;44.5;12.8;Oben;SMD;2;Mouser;963-LMK316ABJ476ML-T;0.23;
C49;;C_1206_47uF_10V;CAPC3216X18;Chip Capacitor. Body 3.20x1.60mm;180;41.2;11.6;Oben;SMD;2;Mouser;963-LMK316ABJ476ML-T;0.23;
C48;;C_1206_47uF_10V;CAPC3216X18;Chip Capacitor. Body 3.20x1.60mm;180;38.5;19.9;Oben;SMD;2;Mouser;963-LMK316ABJ476ML-T;0.23;
C47;;C_0402_1uF_25V;CAPC1005X06;0402 Capacitor. 2-Leads. Body 1.05x0.53mm;360;39.6;9.7;Oben;SMD;2;Mouser;81-GRM155R61E105KA2J;0.06;
C46;;C_0402_1uF_25V;CAPC1005X06;0402 Capacitor. 2-Leads. Body 1.05x0.53mm;90;36.5;17.9;Oben;SMD;2;Mouser;81-GRM155R61E105KA2J;0.06;
C45;;C_0603_10uF_16V;CAPC1608X09;0603 Capacitor. 2-Leads. Body 1.65x0.83mm;270;34;18.3;Oben;SMD;2;Mouser;963-EMK107BBJ106MA-T;0.14;
C44;;C_0402_100nF_16V;CAPC1005X06;0402 Capacitor. 2-Leads. Body 1.05x0.53mm;90;35.3;17.9;Oben;SMD;2;Mouser;963-EMF105B7104MVHF;0.03;
C43;;C_0603_10uF_16V;CAPC1608X09;0603 Capacitor. 2-Leads. Body 1.65x0.83mm;270;32.7;16.6;Oben;SMD;2;Mouser;963-EMK107BBJ106MA-T;0.14;
C42;;C_0402_1uF_25V;CAPC1005X06;0402 Capacitor. 2-Leads. Body 1.05x0.53mm;360;39.1;13.6;Oben;SMD;2;Mouser;81-GRM155R61E105KA2J;0.06;
C41;;C_0402_100nF_16V;CAPC1005X06;0402 Capacitor. 2-Leads. Body 1.05x0.53mm;90;32.8;14.2;Oben;SMD;2;Mouser;963-EMF105B7104MVHF;0.03;
C40;;C_0402_47pF_50V;CAPC1005X06;0402 Capacitor. 2-Leads. Body 1.05x0.53mm;270;41.9;13.7;Oben;SMD;2;Mouser;80-C0402C470K5G;0.01;
C39;;C_0402_1uF_25V;CAPC1005X06;0402 Capacitor. 2-Leads. Body 1.05x0.53mm;180;33.3;11.6;Oben;SMD;2;Mouser;81-GRM155R61E105KA2J;0.06;
C38;;C_0402_1uF_25V;CAPC1005X06;0402 Capacitor. 2-Leads. Body 1.05x0.53mm;360;33.3;12.6;Oben;SMD;2;Mouser;81-GRM155R61E105KA2J;0.06;
C37;;C_0402_100nF_16V;CAPC1005X06;0402 Capacitor. 2-Leads. Body 1.05x0.53mm;180;53.9;21.9;Oben;SMD;2;Mouser;963-EMF105B7104MVHF;0.03;
C36;;C_0402_100nF_16V;CAPC1005X06;0402 Capacitor. 2-Leads. Body 1.05x0.53mm;180;43.7;28.2;Oben;SMD;2;Mouser;963-EMF105B7104MVHF;0.03;
C35;;C_0402_100nF_16V;CAPC1005X06;0402 Capacitor. 2-Leads. Body 1.05x0.53mm;270;49.4;32.8;Oben;SMD;2;Mouser;963-EMF105B7104MVHF;0.03;
C34;;C_0402_100nF_16V;CAPC1005X06;0402 Capacitor. 2-Leads. Body 1.05x0.53mm;270;71.6;16.2;Oben;SMD;2;Mouser;963-EMF105B7104MVHF;0.03;
C33;;C_0402_100nF_16V;CAPC1005X06;0402 Capacitor. 2-Leads. Body 1.05x0.53mm;270;71.6;12.3;Oben;SMD;2;Mouser;963-EMF105B7104MVHF;0.03;
C32;;C_0402_100nF_16V;CAPC1005X06;0402 Capacitor. 2-Leads. Body 1.05x0.53mm;270;71.2;23.5;Oben;SMD;2;Mouser;963-EMF105B7104MVHF;0.03;
C31;;C_0402_100nF_16V;CAPC1005X06;0402 Capacitor. 2-Leads. Body 1.05x0.53mm;270;71.5;19.8;Oben;SMD;2;Mouser;963-EMF105B7104MVHF;0.03;
C30;;C_0402_100nF_16V;CAPC1005X06;0402 Capacitor. 2-Leads. Body 1.05x0.53mm;270;71.4;27.4;Oben;SMD;2;Mouser;963-EMF105B7104MVHF;0.03;
C29;;C_0402_100nF_16V;CAPC1005X06;0402 Capacitor. 2-Leads. Body 1.05x0.53mm;180;76.4;41.2;Oben;SMD;2;Mouser;963-EMF105B7104MVHF;0.03;
C28;;C_0402_100nF_16V;CAPC1005X06;0402 Capacitor. 2-Leads. Body 1.05x0.53mm;270;71.6;31.2;Oben;SMD;2;Mouser;963-EMF105B7104MVHF;0.03;
C27;;C_0402_1uF_25V;CAPC1005X06;0402 Capacitor. 2-Leads. Body 1.05x0.53mm;360;68.4;7.1;Oben;SMD;2;Mouser;81-GRM155R61E105KA2J;0.06;
C26;;C_0402_1uF_25V;CAPC1005X06;0402 Capacitor. 2-Leads. Body 1.05x0.53mm;180;75.6;33.1;Oben;SMD;2;Mouser;81-GRM155R61E105KA2J;0.06;
C25;;C_0402_1uF_25V;CAPC1005X06;0402 Capacitor. 2-Leads. Body 1.05x0.53mm;180;61.9;22.4;Oben;SMD;2;Mouser;81-GRM155R61E105KA2J;0.06;
C24;;C_0402_1uF_25V;CAPC1005X06;0402 Capacitor. 2-Leads. Body 1.05x0.53mm;180;61.9;13.7;Oben;SMD;2;Mouser;81-GRM155R61E105KA2J;0.06;
C23;;C_0402_100nF_16V;CAPC1005X06;0402 Capacitor. 2-Leads. Body 1.05x0.53mm;270;63.4;14.2;Oben;SMD;2;Mouser;963-EMF105B7104MVHF;0.03;
C22;;C_0402_100nF_16V;CAPC1005X06;0402 Capacitor. 2-Leads. Body 1.05x0.53mm;270;63.4;22.9;Oben;SMD;2;Mouser;963-EMF105B7104MVHF;0.03;
C21;;C_0603_10uF_16V;CAPC1608X09;0603 Capacitor. 2-Leads. Body 1.65x0.83mm;90;24.2;7.9;Oben;SMD;2;Mouser;963-EMK107BBJ106MA-T;0.14;
C20;;C_0603_10uF_16V;CAPC1608X09;0603 Capacitor. 2-Leads. Body 1.65x0.83mm;90;21.2;7.9;Oben;SMD;2;Mouser;963-EMK107BBJ106MA-T;0.14;
C19;;C_0603_10uF_16V;CAPC1608X09;0603 Capacitor. 2-Leads. Body 1.65x0.83mm;360;27;13.9;Oben;SMD;2;Mouser;963-EMK107BBJ106MA-T;0.14;
C18;;C_0603_10uF_16V;CAPC1608X09;0603 Capacitor. 2-Leads. Body 1.65x0.83mm;90;27.2;7.9;Oben;SMD;2;Mouser;963-EMK107BBJ106MA-T;0.14;
C17;;C_0603_10uF_16V;CAPC1608X09;0603 Capacitor. 2-Leads. Body 1.65x0.83mm;360;28.6;47.6;Oben;SMD;2;Mouser;963-EMK107BBJ106MA-T;0.14;
C16;;C_0603_10uF_16V;CAPC1608X09;0603 Capacitor. 2-Leads. Body 1.65x0.83mm;270;36.3;7.9;Oben;SMD;2;Mouser;963-EMK107BBJ106MA-T;0.14;
C15;;C_0402_1uF_25V;CAPC1005X06;0402 Capacitor. 2-Leads. Body 1.05x0.53mm;180;59.4;27.4;Oben;SMD;2;Mouser;81-GRM155R61E105KA2J;0.06;
C14;;C_0402_100nF_16V;CAPC1005X06;0402 Capacitor. 2-Leads. Body 1.05x0.53mm;180;59.4;28.4;Oben;SMD;2;Mouser;963-EMF105B7104MVHF;0.03;
C13;;C_0402_1uF_25V;CAPC1005X06;0402 Capacitor. 2-Leads. Body 1.05x0.53mm;270;49.5;28.3;Oben;SMD;2;Mouser;81-GRM155R61E105KA2J;0.06;
C12;;C_0402_100nF_16V;CAPC1005X06;0402 Capacitor. 2-Leads. Body 1.05x0.53mm;270;50.5;28.3;Oben;SMD;2;Mouser;963-EMF105B7104MVHF;0.03;
C11;;C_0603_10uF_16V;CAPC1608X09;0603 Capacitor. 2-Leads. Body 1.65x0.83mm;180;59.9;29.6;Oben;SMD;2;Mouser;963-EMK107BBJ106MA-T;0.14;
C10;;C_0603_10uF_16V;CAPC1608X09;0603 Capacitor. 2-Leads. Body 1.65x0.83mm;270;59.1;32.6;Oben;SMD;2;Mouser;963-EMK107BBJ106MA-T;0.14;
C9;;C_0402_1uF_25V;CAPC1005X06;0402 Capacitor. 2-Leads. Body 1.05x0.53mm;180;59.4;30.8;Oben;SMD;2;Mouser;81-GRM155R61E105KA2J;0.06;
C8;;C_0402_1nF_50V;CAPC1005X06;0402 Capacitor. 2-Leads. Body 1.05x0.53mm;90;59.5;39.9;Oben;SMD;2;Mouser;81-GRM1555C1H102JA1D;0.02;
C7;;C_0402_1uF_25V;CAPC1005X06;0402 Capacitor. 2-Leads. Body 1.05x0.53mm;90;53.1;37.6;Oben;SMD;2;Mouser;81-GRM155R61E105KA2J;0.06;
C6;;C_0402_100nF_16V;CAPC1005X06;0402 Capacitor. 2-Leads. Body 1.05x0.53mm;90;54.1;37.6;Oben;SMD;2;Mouser;963-EMF105B7104MVHF;0.03;
C5;;C_0402_1uF_25V;CAPC1005X06;0402 Capacitor. 2-Leads. Body 1.05x0.53mm;90;52.2;36.6;Oben;SMD;2;Mouser;81-GRM155R61E105KA2J;0.06;
C4;;C_0402_100nF_16V;CAPC1005X06;0402 Capacitor. 2-Leads. Body 1.05x0.53mm;270;51.3;36.6;Oben;SMD;2;Mouser;963-EMF105B7104MVHF;0.03;
C3;;C_0402_100nF_16V;CAPC1005X06;0402 Capacitor. 2-Leads. Body 1.05x0.53mm;90;50.3;36.6;Oben;SMD;2;Mouser;963-EMF105B7104MVHF;0.03;
C2;;C_0402_1uF_25V;CAPC1005X06;0402 Capacitor. 2-Leads. Body 1.05x0.53mm;180;50.5;35.1;Oben;SMD;2;Mouser;81-GRM155R61E105KA2J;0.06;
C1;;C_0402_1nF_50V;CAPC1005X06;0402 Capacitor. 2-Leads. Body 1.05x0.53mm;90;52.5;40.1;Oben;SMD;2;Mouser;81-GRM1555C1H102JA1D;0.02;
